path,shape_z_y_x,spacing_x_y_z,size_x,size_y,size_z
synthRAD2025_Train_2.5D/Task2/AB/2ABA002/ct.mha,"(5, 309, 310)","(1.0, 1.0, 1.0)",310,309,5
synthRAD2025_Train_2.5D/Task2/AB/2ABA005/ct.mha,"(5, 309, 289)","(1.0, 1.0, 1.0)",289,309,5
synthRAD2025_Train_2.5D/Task2/AB/2ABA006/ct.mha,"(5, 310, 312)","(1.0, 1.0, 1.0)",312,310,5
synthRAD2025_Train_2.5D/Task2/AB/2ABA008/ct.mha,"(5, 308, 315)","(1.0, 1.0, 1.0)",315,308,5
synthRAD2025_Train_2.5D/Task2/AB/2ABA009/ct.mha,"(5, 313, 311)","(1.0, 1.0, 1.0)",311,313,5
synthRAD2025_Train_2.5D/Task2/AB/2ABA024/ct.mha,"(5, 309, 308)","(1.0, 1.0, 1.0)",308,309,5
synthRAD2025_Train_2.5D/Task2/AB/2ABA027/ct.mha,"(5, 310, 311)","(1.0, 1.0, 1.0)",311,310,5
synthRAD2025_Train_2.5D/Task2/AB/2ABA030/ct.mha,"(5, 308, 309)","(1.0, 1.0, 1.0)",309,308,5
synthRAD2025_Train_2.5D/Task2/AB/2ABA031/ct.mha,"(5, 310, 308)","(1.0, 1.0, 1.0)",308,310,5
synthRAD2025_Train_2.5D/Task2/AB/2ABA032/ct.mha,"(5, 448, 449)","(1.0, 1.0, 1.0)",449,448,5
synthRAD2025_Train_2.5D/Task2/AB/2ABA033/ct.mha,"(5, 317, 309)","(1.0, 1.0, 1.0)",309,317,5
synthRAD2025_Train_2.5D/Task2/AB/2ABA036/ct.mha,"(5, 311, 314)","(1.0, 1.0, 1.0)",314,311,5
synthRAD2025_Train_2.5D/Task2/AB/2ABA037/ct.mha,"(5, 459, 455)","(1.0, 1.0, 1.0)",455,459,5
synthRAD2025_Train_2.5D/Task2/AB/2ABA038/ct.mha,"(5, 308, 310)","(1.0, 1.0, 1.0)",310,308,5
synthRAD2025_Train_2.5D/Task2/AB/2ABA039/ct.mha,"(5, 510, 510)","(1.0, 1.0, 1.0)",510,510,5
synthRAD2025_Train_2.5D/Task2/AB/2ABA040/ct.mha,"(5, 310, 311)","(1.0, 1.0, 1.0)",311,310,5
synthRAD2025_Train_2.5D/Task2/AB/2ABA041/ct.mha,"(5, 311, 309)","(1.0, 1.0, 1.0)",309,311,5
synthRAD2025_Train_2.5D/Task2/AB/2ABA043/ct.mha,"(5, 290, 291)","(1.0, 1.0, 1.0)",291,290,5
synthRAD2025_Train_2.5D/Task2/AB/2ABA044/ct.mha,"(5, 309, 308)","(1.0, 1.0, 1.0)",308,309,5
synthRAD2025_Train_2.5D/Task2/AB/2ABA046/ct.mha,"(5, 393, 393)","(1.0, 1.0, 1.0)",393,393,5
synthRAD2025_Train_2.5D/Task2/AB/2ABA047/ct.mha,"(5, 311, 308)","(1.0, 1.0, 1.0)",308,311,5
synthRAD2025_Train_2.5D/Task2/AB/2ABA048/ct.mha,"(5, 314, 309)","(1.0, 1.0, 1.0)",309,314,5
synthRAD2025_Train_2.5D/Task2/AB/2ABA051/ct.mha,"(5, 309, 309)","(1.0, 1.0, 1.0)",309,309,5
synthRAD2025_Train_2.5D/Task2/AB/2ABA056/ct.mha,"(5, 368, 370)","(1.0, 1.0, 1.0)",370,368,5
synthRAD2025_Train_2.5D/Task2/AB/2ABA064/ct.mha,"(5, 308, 307)","(1.0, 1.0, 1.0)",307,308,5
synthRAD2025_Train_2.5D/Task2/AB/2ABA065/ct.mha,"(5, 498, 499)","(1.0, 1.0, 1.0)",499,498,5
synthRAD2025_Train_2.5D/Task2/AB/2ABA066/ct.mha,"(5, 308, 313)","(1.0, 1.0, 1.0)",313,308,5
synthRAD2025_Train_2.5D/Task2/AB/2ABA067/ct.mha,"(5, 313, 310)","(1.0, 1.0, 1.0)",310,313,5
synthRAD2025_Train_2.5D/Task2/AB/2ABA068/ct.mha,"(5, 314, 311)","(1.0, 1.0, 1.0)",311,314,5
synthRAD2025_Train_2.5D/Task2/AB/2ABA071/ct.mha,"(5, 309, 309)","(1.0, 1.0, 1.0)",309,309,5
synthRAD2025_Train_2.5D/Task2/AB/2ABA075/ct.mha,"(5, 312, 309)","(1.0, 1.0, 1.0)",309,312,5
synthRAD2025_Train_2.5D/Task2/AB/2ABA077/ct.mha,"(5, 308, 313)","(1.0, 1.0, 1.0)",313,308,5
synthRAD2025_Train_2.5D/Task2/AB/2ABA080/ct.mha,"(5, 309, 310)","(1.0, 1.0, 1.0)",310,309,5
synthRAD2025_Train_2.5D/Task2/AB/2ABA082/ct.mha,"(5, 309, 308)","(1.0, 1.0, 1.0)",308,309,5
synthRAD2025_Train_2.5D/Task2/AB/2ABA084/ct.mha,"(5, 308, 309)","(1.0, 1.0, 1.0)",309,308,5
synthRAD2025_Train_2.5D/Task2/AB/2ABA086/ct.mha,"(5, 307, 308)","(1.0, 1.0, 1.0)",308,307,5
synthRAD2025_Train_2.5D/Task2/AB/2ABA087/ct.mha,"(5, 311, 310)","(1.0, 1.0, 1.0)",310,311,5
synthRAD2025_Train_2.5D/Task2/AB/2ABA091/ct.mha,"(5, 560, 560)","(1.0, 1.0, 1.0)",560,560,5
synthRAD2025_Train_2.5D/Task2/AB/2ABA094/ct.mha,"(5, 450, 451)","(1.0, 1.0, 1.0)",451,450,5
synthRAD2025_Train_2.5D/Task2/AB/2ABA096/ct.mha,"(5, 308, 309)","(1.0, 1.0, 1.0)",309,308,5
synthRAD2025_Train_2.5D/Task2/AB/2ABA098/ct.mha,"(5, 308, 307)","(1.0, 1.0, 1.0)",307,308,5
synthRAD2025_Train_2.5D/Task2/AB/2ABA101/ct.mha,"(5, 310, 305)","(1.0, 1.0, 1.0)",305,310,5
synthRAD2025_Train_2.5D/Task2/AB/2ABA102/ct.mha,"(5, 313, 311)","(1.0, 1.0, 1.0)",311,313,5
synthRAD2025_Train_2.5D/Task2/AB/2ABA103/ct.mha,"(5, 310, 308)","(1.0, 1.0, 1.0)",308,310,5
synthRAD2025_Train_2.5D/Task2/AB/2ABA104/ct.mha,"(5, 316, 308)","(1.0, 1.0, 1.0)",308,316,5
synthRAD2025_Train_2.5D/Task2/AB/2ABA108/ct.mha,"(5, 314, 313)","(1.0, 1.0, 1.0)",313,314,5
synthRAD2025_Train_2.5D/Task2/AB/2ABA109/ct.mha,"(5, 312, 311)","(1.0, 1.0, 1.0)",311,312,5
synthRAD2025_Train_2.5D/Task2/AB/2ABA110/ct.mha,"(5, 309, 310)","(1.0, 1.0, 1.0)",310,309,5
synthRAD2025_Train_2.5D/Task2/AB/2ABA112/ct.mha,"(5, 311, 308)","(1.0, 1.0, 1.0)",308,311,5
synthRAD2025_Train_2.5D/Task2/AB/2ABA114/ct.mha,"(5, 306, 307)","(1.0, 1.0, 1.0)",307,306,5
synthRAD2025_Train_2.5D/Task2/AB/2ABA115/ct.mha,"(5, 308, 307)","(1.0, 1.0, 1.0)",307,308,5
synthRAD2025_Train_2.5D/Task2/AB/2ABA118/ct.mha,"(5, 310, 308)","(1.0, 1.0, 1.0)",308,310,5
synthRAD2025_Train_2.5D/Task2/AB/2ABA122/ct.mha,"(5, 288, 303)","(1.0, 1.0, 1.0)",303,288,5
synthRAD2025_Train_2.5D/Task2/AB/2ABA126/ct.mha,"(5, 450, 428)","(1.0, 1.0, 1.0)",428,450,5
synthRAD2025_Train_2.5D/Task2/AB/2ABA128/ct.mha,"(5, 308, 311)","(1.0, 1.0, 1.0)",311,308,5
synthRAD2025_Train_2.5D/Task2/AB/2ABA130/ct.mha,"(5, 311, 310)","(1.0, 1.0, 1.0)",310,311,5
synthRAD2025_Train_2.5D/Task2/AB/2ABA132/ct.mha,"(5, 310, 317)","(1.0, 1.0, 1.0)",317,310,5
synthRAD2025_Train_2.5D/Task2/AB/2ABA133/ct.mha,"(5, 311, 310)","(1.0, 1.0, 1.0)",310,311,5
synthRAD2025_Train_2.5D/Task2/AB/2ABA134/ct.mha,"(5, 309, 307)","(1.0, 1.0, 1.0)",307,309,5
synthRAD2025_Train_2.5D/Task2/AB/2ABA135/ct.mha,"(5, 453, 456)","(1.0, 1.0, 1.0)",456,453,5
synthRAD2025_Train_2.5D/Task2/AB/2ABA136/ct.mha,"(5, 374, 405)","(1.0, 1.0, 1.0)",405,374,5
synthRAD2025_Train_2.5D/Task2/AB/2ABA138/ct.mha,"(5, 310, 312)","(1.0, 1.0, 1.0)",312,310,5
synthRAD2025_Train_2.5D/Task2/AB/2ABA139/ct.mha,"(5, 308, 308)","(1.0, 1.0, 1.0)",308,308,5
synthRAD2025_Train_2.5D/Task2/AB/2ABA143/ct.mha,"(5, 430, 449)","(1.0, 1.0, 1.0)",449,430,5
synthRAD2025_Train_2.5D/Task2/AB/2ABB002/ct.mha,"(5, 452, 433)","(1.0, 1.0, 1.0)",433,452,5
synthRAD2025_Train_2.5D/Task2/AB/2ABB004/ct.mha,"(5, 454, 450)","(1.0, 1.0, 1.0)",450,454,5
synthRAD2025_Train_2.5D/Task2/AB/2ABB005/ct.mha,"(5, 450, 451)","(1.0, 1.0, 1.0)",451,450,5
synthRAD2025_Train_2.5D/Task2/AB/2ABB006/ct.mha,"(5, 432, 450)","(1.0, 1.0, 1.0)",450,432,5
synthRAD2025_Train_2.5D/Task2/AB/2ABB009/ct.mha,"(5, 448, 452)","(1.0, 1.0, 1.0)",452,448,5
synthRAD2025_Train_2.5D/Task2/AB/2ABB010/ct.mha,"(5, 451, 450)","(1.0, 1.0, 1.0)",450,451,5
synthRAD2025_Train_2.5D/Task2/AB/2ABB011/ct.mha,"(5, 451, 449)","(1.0, 1.0, 1.0)",449,451,5
synthRAD2025_Train_2.5D/Task2/AB/2ABB013/ct.mha,"(5, 449, 453)","(1.0, 1.0, 1.0)",453,449,5
synthRAD2025_Train_2.5D/Task2/AB/2ABB014/ct.mha,"(5, 448, 412)","(1.0, 1.0, 1.0)",412,448,5
synthRAD2025_Train_2.5D/Task2/AB/2ABB015/ct.mha,"(5, 449, 433)","(1.0, 1.0, 1.0)",433,449,5
synthRAD2025_Train_2.5D/Task2/AB/2ABB018/ct.mha,"(5, 449, 449)","(1.0, 1.0, 1.0)",449,449,5
synthRAD2025_Train_2.5D/Task2/AB/2ABB019/ct.mha,"(5, 452, 421)","(1.0, 1.0, 1.0)",421,452,5
synthRAD2025_Train_2.5D/Task2/AB/2ABB021/ct.mha,"(5, 458, 450)","(1.0, 1.0, 1.0)",450,458,5
synthRAD2025_Train_2.5D/Task2/AB/2ABB022/ct.mha,"(5, 450, 451)","(1.0, 1.0, 1.0)",451,450,5
synthRAD2025_Train_2.5D/Task2/AB/2ABB024/ct.mha,"(5, 453, 412)","(1.0, 1.0, 1.0)",412,453,5
synthRAD2025_Train_2.5D/Task2/AB/2ABB025/ct.mha,"(5, 452, 417)","(1.0, 1.0, 1.0)",417,452,5
synthRAD2025_Train_2.5D/Task2/AB/2ABB029/ct.mha,"(5, 449, 431)","(1.0, 1.0, 1.0)",431,449,5
synthRAD2025_Train_2.5D/Task2/AB/2ABB030/ct.mha,"(5, 451, 442)","(1.0, 1.0, 1.0)",442,451,5
synthRAD2025_Train_2.5D/Task2/AB/2ABB032/ct.mha,"(5, 450, 413)","(1.0, 1.0, 1.0)",413,450,5
synthRAD2025_Train_2.5D/Task2/AB/2ABB033/ct.mha,"(5, 450, 450)","(1.0, 1.0, 1.0)",450,450,5
synthRAD2025_Train_2.5D/Task2/AB/2ABB034/ct.mha,"(5, 451, 454)","(1.0, 1.0, 1.0)",454,451,5
synthRAD2025_Train_2.5D/Task2/AB/2ABB036/ct.mha,"(5, 449, 453)","(1.0, 1.0, 1.0)",453,449,5
synthRAD2025_Train_2.5D/Task2/AB/2ABB037/ct.mha,"(5, 452, 431)","(1.0, 1.0, 1.0)",431,452,5
synthRAD2025_Train_2.5D/Task2/AB/2ABB039/ct.mha,"(5, 455, 451)","(1.0, 1.0, 1.0)",451,455,5
synthRAD2025_Train_2.5D/Task2/AB/2ABB040/ct.mha,"(5, 451, 450)","(1.0, 1.0, 1.0)",450,451,5
synthRAD2025_Train_2.5D/Task2/AB/2ABB042/ct.mha,"(5, 452, 448)","(1.0, 1.0, 1.0)",448,452,5
synthRAD2025_Train_2.5D/Task2/AB/2ABB043/ct.mha,"(5, 452, 450)","(1.0, 1.0, 1.0)",450,452,5
synthRAD2025_Train_2.5D/Task2/AB/2ABB044/ct.mha,"(5, 452, 418)","(1.0, 1.0, 1.0)",418,452,5
synthRAD2025_Train_2.5D/Task2/AB/2ABB047/ct.mha,"(5, 454, 449)","(1.0, 1.0, 1.0)",449,454,5
synthRAD2025_Train_2.5D/Task2/AB/2ABB051/ct.mha,"(5, 449, 427)","(1.0, 1.0, 1.0)",427,449,5
synthRAD2025_Train_2.5D/Task2/AB/2ABB053/ct.mha,"(5, 456, 393)","(1.0, 1.0, 1.0)",393,456,5
synthRAD2025_Train_2.5D/Task2/AB/2ABB054/ct.mha,"(5, 454, 450)","(1.0, 1.0, 1.0)",450,454,5
synthRAD2025_Train_2.5D/Task2/AB/2ABB056/ct.mha,"(5, 439, 450)","(1.0, 1.0, 1.0)",450,439,5
synthRAD2025_Train_2.5D/Task2/AB/2ABB059/ct.mha,"(5, 449, 431)","(1.0, 1.0, 1.0)",431,449,5
synthRAD2025_Train_2.5D/Task2/AB/2ABB061/ct.mha,"(5, 451, 445)","(1.0, 1.0, 1.0)",445,451,5
synthRAD2025_Train_2.5D/Task2/AB/2ABB065/ct.mha,"(5, 430, 455)","(1.0, 1.0, 1.0)",455,430,5
synthRAD2025_Train_2.5D/Task2/AB/2ABB066/ct.mha,"(5, 449, 447)","(1.0, 1.0, 1.0)",447,449,5
synthRAD2025_Train_2.5D/Task2/AB/2ABB067/ct.mha,"(5, 400, 449)","(1.0, 1.0, 1.0)",449,400,5
synthRAD2025_Train_2.5D/Task2/AB/2ABB072/ct.mha,"(5, 402, 449)","(1.0, 1.0, 1.0)",449,402,5
synthRAD2025_Train_2.5D/Task2/AB/2ABB077/ct.mha,"(5, 451, 449)","(1.0, 1.0, 1.0)",449,451,5
synthRAD2025_Train_2.5D/Task2/AB/2ABB078/ct.mha,"(5, 452, 448)","(1.0, 1.0, 1.0)",448,452,5
synthRAD2025_Train_2.5D/Task2/AB/2ABB085/ct.mha,"(5, 452, 452)","(1.0, 1.0, 1.0)",452,452,5
synthRAD2025_Train_2.5D/Task2/AB/2ABB086/ct.mha,"(5, 451, 450)","(1.0, 1.0, 1.0)",450,451,5
synthRAD2025_Train_2.5D/Task2/AB/2ABB087/ct.mha,"(5, 455, 393)","(1.0, 1.0, 1.0)",393,455,5
synthRAD2025_Train_2.5D/Task2/AB/2ABB090/ct.mha,"(5, 451, 452)","(1.0, 1.0, 1.0)",452,451,5
synthRAD2025_Train_2.5D/Task2/AB/2ABB091/ct.mha,"(5, 451, 449)","(1.0, 1.0, 1.0)",449,451,5
synthRAD2025_Train_2.5D/Task2/AB/2ABB092/ct.mha,"(5, 421, 449)","(1.0, 1.0, 1.0)",449,421,5
synthRAD2025_Train_2.5D/Task2/AB/2ABB093/ct.mha,"(5, 448, 434)","(1.0, 1.0, 1.0)",434,448,5
synthRAD2025_Train_2.5D/Task2/AB/2ABB095/ct.mha,"(5, 454, 393)","(1.0, 1.0, 1.0)",393,454,5
synthRAD2025_Train_2.5D/Task2/AB/2ABB096/ct.mha,"(5, 449, 452)","(1.0, 1.0, 1.0)",452,449,5
synthRAD2025_Train_2.5D/Task2/AB/2ABB100/ct.mha,"(5, 452, 434)","(1.0, 1.0, 1.0)",434,452,5
synthRAD2025_Train_2.5D/Task2/AB/2ABB101/ct.mha,"(5, 449, 449)","(1.0, 1.0, 1.0)",449,449,5
synthRAD2025_Train_2.5D/Task2/AB/2ABB102/ct.mha,"(5, 427, 396)","(1.0, 1.0, 1.0)",396,427,5
synthRAD2025_Train_2.5D/Task2/AB/2ABB105/ct.mha,"(5, 398, 398)","(1.0, 1.0, 1.0)",398,398,5
synthRAD2025_Train_2.5D/Task2/AB/2ABB106/ct.mha,"(5, 454, 430)","(1.0, 1.0, 1.0)",430,454,5
synthRAD2025_Train_2.5D/Task2/AB/2ABB108/ct.mha,"(5, 451, 456)","(1.0, 1.0, 1.0)",456,451,5
synthRAD2025_Train_2.5D/Task2/AB/2ABB111/ct.mha,"(5, 450, 451)","(1.0, 1.0, 1.0)",451,450,5
synthRAD2025_Train_2.5D/Task2/AB/2ABB113/ct.mha,"(5, 449, 431)","(1.0, 1.0, 1.0)",431,449,5
synthRAD2025_Train_2.5D/Task2/AB/2ABB114/ct.mha,"(5, 448, 454)","(1.0, 1.0, 1.0)",454,448,5
synthRAD2025_Train_2.5D/Task2/AB/2ABB115/ct.mha,"(5, 451, 452)","(1.0, 1.0, 1.0)",452,451,5
synthRAD2025_Train_2.5D/Task2/AB/2ABB117/ct.mha,"(5, 452, 454)","(1.0, 1.0, 1.0)",454,452,5
synthRAD2025_Train_2.5D/Task2/AB/2ABB118/ct.mha,"(5, 450, 455)","(1.0, 1.0, 1.0)",455,450,5
synthRAD2025_Train_2.5D/Task2/AB/2ABB119/ct.mha,"(5, 449, 447)","(1.0, 1.0, 1.0)",447,449,5
synthRAD2025_Train_2.5D/Task2/AB/2ABB120/ct.mha,"(5, 450, 448)","(1.0, 1.0, 1.0)",448,450,5
synthRAD2025_Train_2.5D/Task2/AB/2ABB121/ct.mha,"(5, 451, 451)","(1.0, 1.0, 1.0)",451,451,5
synthRAD2025_Train_2.5D/Task2/AB/2ABC004/ct.mha,"(5, 449, 449)","(1.0, 1.0, 1.0)",449,449,5
synthRAD2025_Train_2.5D/Task2/AB/2ABC010/ct.mha,"(5, 408, 457)","(1.0, 1.0, 1.0)",457,408,5
synthRAD2025_Train_2.5D/Task2/AB/2ABC011/ct.mha,"(5, 449, 452)","(1.0, 1.0, 1.0)",452,449,5
synthRAD2025_Train_2.5D/Task2/AB/2ABC016/ct.mha,"(5, 451, 453)","(1.0, 1.0, 1.0)",453,451,5
synthRAD2025_Train_2.5D/Task2/AB/2ABC017/ct.mha,"(5, 448, 450)","(1.0, 1.0, 1.0)",450,448,5
synthRAD2025_Train_2.5D/Task2/AB/2ABC018/ct.mha,"(5, 449, 457)","(1.0, 1.0, 1.0)",457,449,5
synthRAD2025_Train_2.5D/Task2/AB/2ABC019/ct.mha,"(5, 450, 451)","(1.0, 1.0, 1.0)",451,450,5
synthRAD2025_Train_2.5D/Task2/AB/2ABC035/ct.mha,"(5, 450, 450)","(1.0, 1.0, 1.0)",450,450,5
synthRAD2025_Train_2.5D/Task2/AB/2ABC036/ct.mha,"(5, 310, 310)","(1.0, 1.0, 1.0)",310,310,5
synthRAD2025_Train_2.5D/Task2/AB/2ABC038/ct.mha,"(5, 449, 451)","(1.0, 1.0, 1.0)",451,449,5
synthRAD2025_Train_2.5D/Task2/AB/2ABC040/ct.mha,"(5, 453, 450)","(1.0, 1.0, 1.0)",450,453,5
synthRAD2025_Train_2.5D/Task2/AB/2ABC043/ct.mha,"(5, 448, 452)","(1.0, 1.0, 1.0)",452,448,5
synthRAD2025_Train_2.5D/Task2/AB/2ABC047/ct.mha,"(5, 451, 457)","(1.0, 1.0, 1.0)",457,451,5
synthRAD2025_Train_2.5D/Task2/AB/2ABC049/ct.mha,"(5, 430, 391)","(1.0, 1.0, 1.0)",391,430,5
synthRAD2025_Train_2.5D/Task2/AB/2ABC051/ct.mha,"(5, 449, 455)","(1.0, 1.0, 1.0)",455,449,5
synthRAD2025_Train_2.5D/Task2/AB/2ABC052/ct.mha,"(5, 452, 412)","(1.0, 1.0, 1.0)",412,452,5
synthRAD2025_Train_2.5D/Task2/AB/2ABC059/ct.mha,"(5, 449, 449)","(1.0, 1.0, 1.0)",449,449,5
synthRAD2025_Train_2.5D/Task2/AB/2ABC063/ct.mha,"(5, 444, 432)","(1.0, 1.0, 1.0)",432,444,5
synthRAD2025_Train_2.5D/Task2/AB/2ABC065/ct.mha,"(5, 449, 451)","(1.0, 1.0, 1.0)",451,449,5
synthRAD2025_Train_2.5D/Task2/AB/2ABC066/ct.mha,"(5, 432, 450)","(1.0, 1.0, 1.0)",450,432,5
synthRAD2025_Train_2.5D/Task2/AB/2ABC077/ct.mha,"(5, 448, 453)","(1.0, 1.0, 1.0)",453,448,5
synthRAD2025_Train_2.5D/Task2/AB/2ABC079/ct.mha,"(5, 455, 449)","(1.0, 1.0, 1.0)",449,455,5
synthRAD2025_Train_2.5D/Task2/AB/2ABC080/ct.mha,"(5, 449, 450)","(1.0, 1.0, 1.0)",450,449,5
synthRAD2025_Train_2.5D/Task2/AB/2ABC085/ct.mha,"(5, 450, 385)","(1.0, 1.0, 1.0)",385,450,5
synthRAD2025_Train_2.5D/Task2/AB/2ABC089/ct.mha,"(5, 434, 436)","(1.0, 1.0, 1.0)",436,434,5
synthRAD2025_Train_2.5D/Task2/AB/2ABC093/ct.mha,"(5, 416, 449)","(1.0, 1.0, 1.0)",449,416,5
synthRAD2025_Train_2.5D/Task2/AB/2ABC094/ct.mha,"(5, 442, 450)","(1.0, 1.0, 1.0)",450,442,5
synthRAD2025_Train_2.5D/Task2/AB/2ABC096/ct.mha,"(5, 439, 451)","(1.0, 1.0, 1.0)",451,439,5
synthRAD2025_Train_2.5D/Task2/AB/2ABC097/ct.mha,"(5, 447, 450)","(1.0, 1.0, 1.0)",450,447,5
synthRAD2025_Train_2.5D/Task2/AB/2ABC102/ct.mha,"(5, 415, 450)","(1.0, 1.0, 1.0)",450,415,5
synthRAD2025_Train_2.5D/Task2/AB/2ABC109/ct.mha,"(5, 450, 453)","(1.0, 1.0, 1.0)",453,450,5
synthRAD2025_Train_2.5D/Task2/AB/2ABC113/ct.mha,"(5, 430, 450)","(1.0, 1.0, 1.0)",450,430,5
synthRAD2025_Train_2.5D/Task2/AB/2ABC114/ct.mha,"(5, 450, 450)","(1.0, 1.0, 1.0)",450,450,5
synthRAD2025_Train_2.5D/Task2/AB/2ABC116/ct.mha,"(5, 448, 450)","(1.0, 1.0, 1.0)",450,448,5
synthRAD2025_Train_2.5D/Task2/AB/2ABC118/ct.mha,"(5, 448, 422)","(1.0, 1.0, 1.0)",422,448,5
synthRAD2025_Train_2.5D/Task2/AB/2ABC122/ct.mha,"(5, 448, 448)","(1.0, 1.0, 1.0)",448,448,5
synthRAD2025_Train_2.5D/Task2/AB/2ABC129/ct.mha,"(5, 454, 429)","(1.0, 1.0, 1.0)",429,454,5
synthRAD2025_Train_2.5D/Task2/AB/2ABC130/ct.mha,"(5, 451, 420)","(1.0, 1.0, 1.0)",420,451,5
synthRAD2025_Train_2.5D/Task2/AB/2ABC132/ct.mha,"(5, 449, 462)","(1.0, 1.0, 1.0)",462,449,5
synthRAD2025_Train_2.5D/Task2/AB/2ABC135/ct.mha,"(5, 450, 450)","(1.0, 1.0, 1.0)",450,450,5
synthRAD2025_Train_2.5D/Task2/AB/2ABC137/ct.mha,"(5, 450, 451)","(1.0, 1.0, 1.0)",451,450,5
synthRAD2025_Train_2.5D/Task2/AB/2ABC142/ct.mha,"(5, 448, 451)","(1.0, 1.0, 1.0)",451,448,5
synthRAD2025_Train_2.5D/Task2/AB/2ABC146/ct.mha,"(5, 448, 451)","(1.0, 1.0, 1.0)",451,448,5
synthRAD2025_Train_2.5D/Task2/AB/2ABC147/ct.mha,"(5, 449, 448)","(1.0, 1.0, 1.0)",448,449,5
synthRAD2025_Train_2.5D/Task2/AB/2ABC150/ct.mha,"(5, 451, 454)","(1.0, 1.0, 1.0)",454,451,5
synthRAD2025_Train_2.5D/Task2/AB/2ABC151/ct.mha,"(5, 449, 453)","(1.0, 1.0, 1.0)",453,449,5
synthRAD2025_Train_2.5D/Task2/AB/2ABC152/ct.mha,"(5, 449, 452)","(1.0, 1.0, 1.0)",452,449,5
synthRAD2025_Train_2.5D/Task2/AB/2ABC156/ct.mha,"(5, 450, 450)","(1.0, 1.0, 1.0)",450,450,5
synthRAD2025_Train_2.5D/Task2/AB/2ABC167/ct.mha,"(5, 450, 428)","(1.0, 1.0, 1.0)",428,450,5
synthRAD2025_Train_2.5D/Task2/AB/2ABC168/ct.mha,"(5, 442, 453)","(1.0, 1.0, 1.0)",453,442,5
synthRAD2025_Train_2.5D/Task2/AB/2ABC171/ct.mha,"(5, 440, 449)","(1.0, 1.0, 1.0)",449,440,5
synthRAD2025_Train_2.5D/Task2/AB/2ABC176/ct.mha,"(5, 441, 449)","(1.0, 1.0, 1.0)",449,441,5
synthRAD2025_Train_2.5D/Task2/AB/2ABC177/ct.mha,"(5, 450, 411)","(1.0, 1.0, 1.0)",411,450,5
synthRAD2025_Train_2.5D/Task2/AB/2ABC178/ct.mha,"(5, 430, 449)","(1.0, 1.0, 1.0)",449,430,5
synthRAD2025_Train_2.5D/Task2/AB/2ABC188/ct.mha,"(5, 413, 450)","(1.0, 1.0, 1.0)",450,413,5
synthRAD2025_Train_2.5D/Task2/AB/2ABC199/ct.mha,"(5, 448, 404)","(1.0, 1.0, 1.0)",404,448,5
synthRAD2025_Train_2.5D/Task2/AB/2ABC205/ct.mha,"(5, 450, 449)","(1.0, 1.0, 1.0)",449,450,5
synthRAD2025_Train_2.5D/Task2/AB/2ABC212/ct.mha,"(5, 449, 451)","(1.0, 1.0, 1.0)",451,449,5
synthRAD2025_Train_2.5D/Task2/AB/2ABC214/ct.mha,"(5, 450, 377)","(1.0, 1.0, 1.0)",377,450,5
synthRAD2025_Train_2.5D/Task2/AB/2ABC222/ct.mha,"(5, 455, 453)","(1.0, 1.0, 1.0)",453,455,5
synthRAD2025_Train_2.5D/Task2/AB/2ABC229/ct.mha,"(5, 454, 448)","(1.0, 1.0, 1.0)",448,454,5
synthRAD2025_Train_2.5D/Task2/AB/2ABC230/ct.mha,"(5, 447, 449)","(1.0, 1.0, 1.0)",449,447,5
synthRAD2025_Train_2.5D/Task2/AB/2ABD001/ct.mha,"(5, 452, 435)","(1.0, 1.0, 1.0)",435,452,5
synthRAD2025_Train_2.5D/Task2/AB/2ABD003/ct.mha,"(5, 450, 430)","(1.0, 1.0, 1.0)",430,450,5
synthRAD2025_Train_2.5D/Task2/AB/2ABD008/ct.mha,"(5, 314, 310)","(1.0, 1.0, 1.0)",310,314,5
synthRAD2025_Train_2.5D/Task2/AB/2ABD009/ct.mha,"(5, 453, 452)","(1.0, 1.0, 1.0)",452,453,5
synthRAD2025_Train_2.5D/Task2/AB/2ABD011/ct.mha,"(5, 312, 311)","(1.0, 1.0, 1.0)",311,312,5
synthRAD2025_Train_2.5D/Task2/AB/2ABD012/ct.mha,"(5, 459, 414)","(1.0, 1.0, 1.0)",414,459,5
synthRAD2025_Train_2.5D/Task2/AB/2ABD014/ct.mha,"(5, 432, 449)","(1.0, 1.0, 1.0)",449,432,5
synthRAD2025_Train_2.5D/Task2/AB/2ABD017/ct.mha,"(5, 452, 434)","(1.0, 1.0, 1.0)",434,452,5
synthRAD2025_Train_2.5D/Task2/AB/2ABD018/ct.mha,"(5, 456, 404)","(1.0, 1.0, 1.0)",404,456,5
synthRAD2025_Train_2.5D/Task2/AB/2ABD019/ct.mha,"(5, 453, 400)","(1.0, 1.0, 1.0)",400,453,5
synthRAD2025_Train_2.5D/Task2/AB/2ABD021/ct.mha,"(5, 310, 311)","(1.0, 1.0, 1.0)",311,310,5
synthRAD2025_Train_2.5D/Task2/AB/2ABD025/ct.mha,"(5, 311, 309)","(1.0, 1.0, 1.0)",309,311,5
synthRAD2025_Train_2.5D/Task2/AB/2ABD026/ct.mha,"(5, 309, 310)","(1.0, 1.0, 1.0)",310,309,5
synthRAD2025_Train_2.5D/Task2/AB/2ABD027/ct.mha,"(5, 315, 308)","(1.0, 1.0, 1.0)",308,315,5
synthRAD2025_Train_2.5D/Task2/AB/2ABD029/ct.mha,"(5, 308, 308)","(1.0, 1.0, 1.0)",308,308,5
synthRAD2025_Train_2.5D/Task2/AB/2ABD031/ct.mha,"(5, 450, 453)","(1.0, 1.0, 1.0)",453,450,5
synthRAD2025_Train_2.5D/Task2/AB/2ABD032/ct.mha,"(5, 383, 349)","(1.0, 1.0, 1.0)",349,383,5
synthRAD2025_Train_2.5D/Task2/AB/2ABD035/ct.mha,"(5, 314, 310)","(1.0, 1.0, 1.0)",310,314,5
synthRAD2025_Train_2.5D/Task2/AB/2ABD041/ct.mha,"(5, 452, 451)","(1.0, 1.0, 1.0)",451,452,5
synthRAD2025_Train_2.5D/Task2/AB/2ABD042/ct.mha,"(5, 452, 447)","(1.0, 1.0, 1.0)",447,452,5
synthRAD2025_Train_2.5D/Task2/AB/2ABD046/ct.mha,"(5, 452, 455)","(1.0, 1.0, 1.0)",455,452,5
synthRAD2025_Train_2.5D/Task2/AB/2ABD049/ct.mha,"(5, 433, 447)","(1.0, 1.0, 1.0)",447,433,5
synthRAD2025_Train_2.5D/Task2/AB/2ABD053/ct.mha,"(5, 308, 318)","(1.0, 1.0, 1.0)",318,308,5
synthRAD2025_Train_2.5D/Task2/AB/2ABD054/ct.mha,"(5, 319, 309)","(1.0, 1.0, 1.0)",309,319,5
synthRAD2025_Train_2.5D/Task2/AB/2ABD055/ct.mha,"(5, 452, 448)","(1.0, 1.0, 1.0)",448,452,5
synthRAD2025_Train_2.5D/Task2/AB/2ABD056/ct.mha,"(5, 435, 454)","(1.0, 1.0, 1.0)",454,435,5
synthRAD2025_Train_2.5D/Task2/AB/2ABD058/ct.mha,"(5, 315, 310)","(1.0, 1.0, 1.0)",310,315,5
synthRAD2025_Train_2.5D/Task2/AB/2ABD059/ct.mha,"(5, 450, 424)","(1.0, 1.0, 1.0)",424,450,5
synthRAD2025_Train_2.5D/Task2/AB/2ABD060/ct.mha,"(5, 452, 452)","(1.0, 1.0, 1.0)",452,452,5
synthRAD2025_Train_2.5D/Task2/AB/2ABD063/ct.mha,"(5, 450, 448)","(1.0, 1.0, 1.0)",448,450,5
synthRAD2025_Train_2.5D/Task2/AB/2ABD064/ct.mha,"(5, 455, 451)","(1.0, 1.0, 1.0)",451,455,5
synthRAD2025_Train_2.5D/Task2/AB/2ABD065/ct.mha,"(5, 435, 452)","(1.0, 1.0, 1.0)",452,435,5
synthRAD2025_Train_2.5D/Task2/AB/2ABD067/ct.mha,"(5, 313, 315)","(1.0, 1.0, 1.0)",315,313,5
synthRAD2025_Train_2.5D/Task2/AB/2ABD069/ct.mha,"(5, 308, 310)","(1.0, 1.0, 1.0)",310,308,5
synthRAD2025_Train_2.5D/Task2/AB/2ABD071/ct.mha,"(5, 450, 450)","(1.0, 1.0, 1.0)",450,450,5
synthRAD2025_Train_2.5D/Task2/AB/2ABD078/ct.mha,"(5, 448, 448)","(1.0, 1.0, 1.0)",448,448,5
synthRAD2025_Train_2.5D/Task2/AB/2ABD080/ct.mha,"(5, 309, 308)","(1.0, 1.0, 1.0)",308,309,5
synthRAD2025_Train_2.5D/Task2/AB/2ABD081/ct.mha,"(5, 311, 307)","(1.0, 1.0, 1.0)",307,311,5
synthRAD2025_Train_2.5D/Task2/AB/2ABD083/ct.mha,"(5, 312, 312)","(1.0, 1.0, 1.0)",312,312,5
synthRAD2025_Train_2.5D/Task2/AB/2ABD084/ct.mha,"(5, 326, 315)","(1.0, 1.0, 1.0)",315,326,5
synthRAD2025_Train_2.5D/Task2/AB/2ABD087/ct.mha,"(5, 467, 497)","(1.0, 1.0, 1.0)",497,467,5
synthRAD2025_Train_2.5D/Task2/AB/2ABD088/ct.mha,"(5, 465, 499)","(1.0, 1.0, 1.0)",499,465,5
synthRAD2025_Train_2.5D/Task2/AB/2ABD089/ct.mha,"(5, 467, 499)","(1.0, 1.0, 1.0)",499,467,5
synthRAD2025_Train_2.5D/Task2/AB/2ABD091/ct.mha,"(5, 472, 499)","(1.0, 1.0, 1.0)",499,472,5
synthRAD2025_Train_2.5D/Task2/AB/2ABD093/ct.mha,"(5, 448, 448)","(1.0, 1.0, 1.0)",448,448,5
synthRAD2025_Train_2.5D/Task2/AB/2ABD095/ct.mha,"(5, 314, 316)","(1.0, 1.0, 1.0)",316,314,5
synthRAD2025_Train_2.5D/Task2/AB/2ABD096/ct.mha,"(5, 431, 417)","(1.0, 1.0, 1.0)",417,431,5
synthRAD2025_Train_2.5D/Task2/AB/2ABD098/ct.mha,"(5, 315, 309)","(1.0, 1.0, 1.0)",309,315,5
synthRAD2025_Train_2.5D/Task2/AB/2ABD099/ct.mha,"(5, 307, 308)","(1.0, 1.0, 1.0)",308,307,5
synthRAD2025_Train_2.5D/Task2/AB/2ABD100/ct.mha,"(5, 312, 319)","(1.0, 1.0, 1.0)",319,312,5
synthRAD2025_Train_2.5D/Task2/AB/2ABD104/ct.mha,"(5, 308, 308)","(1.0, 1.0, 1.0)",308,308,5
synthRAD2025_Train_2.5D/Task2/AB/2ABD106/ct.mha,"(5, 310, 265)","(1.0, 1.0, 1.0)",265,310,5
synthRAD2025_Train_2.5D/Task2/AB/2ABD109/ct.mha,"(5, 390, 391)","(1.0, 1.0, 1.0)",391,390,5
synthRAD2025_Train_2.5D/Task2/AB/2ABE006/ct.mha,"(5, 492, 473)","(1.0, 1.0, 1.0)",473,492,5
synthRAD2025_Train_2.5D/Task2/AB/2ABE010/ct.mha,"(5, 497, 497)","(1.0, 1.0, 1.0)",497,497,5
synthRAD2025_Train_2.5D/Task2/AB/2ABE022/ct.mha,"(5, 497, 498)","(1.0, 1.0, 1.0)",498,497,5
synthRAD2025_Train_2.5D/Task2/AB/2ABE024/ct.mha,"(5, 474, 468)","(1.0, 1.0, 1.0)",468,474,5
synthRAD2025_Train_2.5D/Task2/AB/2ABE025/ct.mha,"(5, 460, 493)","(1.0, 1.0, 1.0)",493,460,5
synthRAD2025_Train_2.5D/Task2/AB/2ABE038/ct.mha,"(5, 445, 506)","(1.0, 1.0, 1.0)",506,445,5
synthRAD2025_Train_2.5D/Task2/AB/2ABE039/ct.mha,"(5, 485, 468)","(1.0, 1.0, 1.0)",468,485,5
synthRAD2025_Train_2.5D/Task2/AB/2ABE052/ct.mha,"(5, 501, 497)","(1.0, 1.0, 1.0)",497,501,5
synthRAD2025_Train_2.5D/Task2/AB/2ABE073/ct.mha,"(5, 497, 498)","(1.0, 1.0, 1.0)",498,497,5
synthRAD2025_Train_2.5D/Task2/AB/2ABE088/ct.mha,"(5, 498, 477)","(1.0, 1.0, 1.0)",477,498,5
synthRAD2025_Train_2.5D/Task2/AB/2ABE107/ct.mha,"(5, 470, 503)","(1.0, 1.0, 1.0)",503,470,5
synthRAD2025_Train_2.5D/Task2/AB/2ABE114/ct.mha,"(5, 498, 497)","(1.0, 1.0, 1.0)",497,498,5
synthRAD2025_Train_2.5D/Task2/AB/2ABE116/ct.mha,"(5, 479, 498)","(1.0, 1.0, 1.0)",498,479,5
synthRAD2025_Train_2.5D/Task2/AB/2ABE118/ct.mha,"(5, 499, 497)","(1.0, 1.0, 1.0)",497,499,5
synthRAD2025_Train_2.5D/Task2/AB/2ABE119/ct.mha,"(5, 499, 501)","(1.0, 1.0, 1.0)",501,499,5
synthRAD2025_Train_2.5D/Task2/AB/2ABE120/ct.mha,"(5, 497, 497)","(1.0, 1.0, 1.0)",497,497,5
synthRAD2025_Train_2.5D/Task2/AB/2ABE121/ct.mha,"(5, 498, 499)","(1.0, 1.0, 1.0)",499,498,5
synthRAD2025_Train_2.5D/Task2/AB/2ABE124/ct.mha,"(5, 497, 498)","(1.0, 1.0, 1.0)",498,497,5
synthRAD2025_Train_2.5D/Task2/AB/2ABE125/ct.mha,"(5, 478, 500)","(1.0, 1.0, 1.0)",500,478,5
synthRAD2025_Train_2.5D/Task2/AB/2ABE126/ct.mha,"(5, 501, 487)","(1.0, 1.0, 1.0)",487,501,5
synthRAD2025_Train_2.5D/Task2/AB/2ABE127/ct.mha,"(5, 484, 500)","(1.0, 1.0, 1.0)",500,484,5
synthRAD2025_Train_2.5D/Task2/AB/2ABE128/ct.mha,"(5, 473, 497)","(1.0, 1.0, 1.0)",497,473,5
synthRAD2025_Train_2.5D/Task2/AB/2ABE130/ct.mha,"(5, 497, 497)","(1.0, 1.0, 1.0)",497,497,5
synthRAD2025_Train_2.5D/Task2/AB/2ABE131/ct.mha,"(5, 499, 498)","(1.0, 1.0, 1.0)",498,499,5
synthRAD2025_Train_2.5D/Task2/AB/2ABE133/ct.mha,"(5, 498, 497)","(1.0, 1.0, 1.0)",497,498,5
synthRAD2025_Train_2.5D/Task2/AB/2ABE135/ct.mha,"(5, 498, 496)","(1.0, 1.0, 1.0)",496,498,5
synthRAD2025_Train_2.5D/Task2/AB/2ABE136/ct.mha,"(5, 490, 497)","(1.0, 1.0, 1.0)",497,490,5
synthRAD2025_Train_2.5D/Task2/AB/2ABE140/ct.mha,"(5, 498, 498)","(1.0, 1.0, 1.0)",498,498,5
synthRAD2025_Train_2.5D/Task2/AB/2ABE141/ct.mha,"(5, 497, 497)","(1.0, 1.0, 1.0)",497,497,5
synthRAD2025_Train_2.5D/Task2/AB/2ABE144/ct.mha,"(5, 479, 498)","(1.0, 1.0, 1.0)",498,479,5
synthRAD2025_Train_2.5D/Task2/AB/2ABE145/ct.mha,"(5, 482, 499)","(1.0, 1.0, 1.0)",499,482,5
synthRAD2025_Train_2.5D/Task2/AB/2ABE147/ct.mha,"(5, 478, 499)","(1.0, 1.0, 1.0)",499,478,5
synthRAD2025_Train_2.5D/Task2/AB/2ABE150/ct.mha,"(5, 499, 500)","(1.0, 1.0, 1.0)",500,499,5
synthRAD2025_Train_2.5D/Task2/AB/2ABE151/ct.mha,"(5, 497, 472)","(1.0, 1.0, 1.0)",472,497,5
synthRAD2025_Train_2.5D/Task2/AB/2ABE152/ct.mha,"(5, 499, 482)","(1.0, 1.0, 1.0)",482,499,5
synthRAD2025_Train_2.5D/Task2/AB/2ABE153/ct.mha,"(5, 479, 481)","(1.0, 1.0, 1.0)",481,479,5
synthRAD2025_Train_2.5D/Task2/AB/2ABE158/ct.mha,"(5, 454, 499)","(1.0, 1.0, 1.0)",499,454,5
synthRAD2025_Train_2.5D/Task2/AB/2ABE159/ct.mha,"(5, 497, 496)","(1.0, 1.0, 1.0)",496,497,5
synthRAD2025_Train_2.5D/Task2/AB/2ABE162/ct.mha,"(5, 485, 500)","(1.0, 1.0, 1.0)",500,485,5
synthRAD2025_Train_2.5D/Task2/AB/2ABE165/ct.mha,"(5, 499, 496)","(1.0, 1.0, 1.0)",496,499,5
synthRAD2025_Train_2.5D/Task2/AB/2ABE166/ct.mha,"(5, 501, 498)","(1.0, 1.0, 1.0)",498,501,5
synthRAD2025_Train_2.5D/Task2/AB/2ABE167/ct.mha,"(5, 471, 501)","(1.0, 1.0, 1.0)",501,471,5
synthRAD2025_Train_2.5D/Task2/AB/2ABE169/ct.mha,"(5, 499, 498)","(1.0, 1.0, 1.0)",498,499,5
synthRAD2025_Train_2.5D/Task2/AB/2ABE170/ct.mha,"(5, 498, 497)","(1.0, 1.0, 1.0)",497,498,5
synthRAD2025_Train_2.5D/Task2/AB/2ABE172/ct.mha,"(5, 452, 469)","(1.0, 1.0, 1.0)",469,452,5
synthRAD2025_Train_2.5D/Task2/AB/2ABE173/ct.mha,"(5, 435, 484)","(1.0, 1.0, 1.0)",484,435,5
synthRAD2025_Train_2.5D/Task2/AB/2ABE174/ct.mha,"(5, 486, 492)","(1.0, 1.0, 1.0)",492,486,5
synthRAD2025_Train_2.5D/Task2/AB/2ABE175/ct.mha,"(5, 467, 497)","(1.0, 1.0, 1.0)",497,467,5
synthRAD2025_Train_2.5D/Task2/AB/2ABE177/ct.mha,"(5, 486, 498)","(1.0, 1.0, 1.0)",498,486,5
synthRAD2025_Train_2.5D/Task2/AB/2ABE180/ct.mha,"(5, 498, 497)","(1.0, 1.0, 1.0)",497,498,5
synthRAD2025_Train_2.5D/Task2/AB/2ABE184/ct.mha,"(5, 497, 497)","(1.0, 1.0, 1.0)",497,497,5
synthRAD2025_Train_2.5D/Task2/AB/2ABE185/ct.mha,"(5, 498, 499)","(1.0, 1.0, 1.0)",499,498,5
synthRAD2025_Train_2.5D/Task2/AB/2ABE186/ct.mha,"(5, 497, 497)","(1.0, 1.0, 1.0)",497,497,5
synthRAD2025_Train_2.5D/Task2/AB/2ABE187/ct.mha,"(5, 498, 496)","(1.0, 1.0, 1.0)",496,498,5
synthRAD2025_Train_2.5D/Task2/AB/2ABE189/ct.mha,"(5, 466, 498)","(1.0, 1.0, 1.0)",498,466,5
synthRAD2025_Train_2.5D/Task2/AB/2ABE191/ct.mha,"(5, 482, 501)","(1.0, 1.0, 1.0)",501,482,5
synthRAD2025_Train_2.5D/Task2/AB/2ABE197/ct.mha,"(5, 478, 479)","(1.0, 1.0, 1.0)",479,478,5
synthRAD2025_Train_2.5D/Task2/AB/2ABE200/ct.mha,"(5, 500, 497)","(1.0, 1.0, 1.0)",497,500,5
synthRAD2025_Train_2.5D/Task2/AB/2ABE201/ct.mha,"(5, 469, 502)","(1.0, 1.0, 1.0)",502,469,5
synthRAD2025_Train_2.5D/Task2/AB/2ABE203/ct.mha,"(5, 466, 500)","(1.0, 1.0, 1.0)",500,466,5
synthRAD2025_Train_2.5D/Task2/AB/2ABE205/ct.mha,"(5, 486, 497)","(1.0, 1.0, 1.0)",497,486,5
synthRAD2025_Train_2.5D/Task2/AB/2ABE206/ct.mha,"(5, 497, 500)","(1.0, 1.0, 1.0)",500,497,5
synthRAD2025_Train_2.5D/Task2/AB/2ABE207/ct.mha,"(5, 498, 498)","(1.0, 1.0, 1.0)",498,498,5
synthRAD2025_Train_2.5D/Task2/AB/2ABE208/ct.mha,"(5, 481, 501)","(1.0, 1.0, 1.0)",501,481,5
synthRAD2025_Train_2.5D/Task2/AB/2ABE209/ct.mha,"(5, 501, 499)","(1.0, 1.0, 1.0)",499,501,5
synthRAD2025_Train_2.5D/Task2/HN/2HNA002/ct.mha,"(5, 307, 309)","(1.0, 1.0, 1.0)",309,307,5
synthRAD2025_Train_2.5D/Task2/HN/2HNA005/ct.mha,"(5, 307, 311)","(1.0, 1.0, 1.0)",311,307,5
synthRAD2025_Train_2.5D/Task2/HN/2HNA010/ct.mha,"(5, 309, 308)","(1.0, 1.0, 1.0)",308,309,5
synthRAD2025_Train_2.5D/Task2/HN/2HNA011/ct.mha,"(5, 313, 314)","(1.0, 1.0, 1.0)",314,313,5
synthRAD2025_Train_2.5D/Task2/HN/2HNA014/ct.mha,"(5, 309, 310)","(1.0, 1.0, 1.0)",310,309,5
synthRAD2025_Train_2.5D/Task2/HN/2HNA016/ct.mha,"(5, 308, 308)","(1.0, 1.0, 1.0)",308,308,5
synthRAD2025_Train_2.5D/Task2/HN/2HNA019/ct.mha,"(5, 309, 312)","(1.0, 1.0, 1.0)",312,309,5
synthRAD2025_Train_2.5D/Task2/HN/2HNA021/ct.mha,"(5, 307, 308)","(1.0, 1.0, 1.0)",308,307,5
synthRAD2025_Train_2.5D/Task2/HN/2HNA024/ct.mha,"(5, 309, 309)","(1.0, 1.0, 1.0)",309,309,5
synthRAD2025_Train_2.5D/Task2/HN/2HNA025/ct.mha,"(5, 308, 309)","(1.0, 1.0, 1.0)",309,308,5
synthRAD2025_Train_2.5D/Task2/HN/2HNA026/ct.mha,"(5, 309, 308)","(1.0, 1.0, 1.0)",308,309,5
synthRAD2025_Train_2.5D/Task2/HN/2HNA027/ct.mha,"(5, 308, 307)","(1.0, 1.0, 1.0)",307,308,5
synthRAD2025_Train_2.5D/Task2/HN/2HNA028/ct.mha,"(5, 313, 313)","(1.0, 1.0, 1.0)",313,313,5
synthRAD2025_Train_2.5D/Task2/HN/2HNA029/ct.mha,"(5, 309, 309)","(1.0, 1.0, 1.0)",309,309,5
synthRAD2025_Train_2.5D/Task2/HN/2HNA031/ct.mha,"(5, 308, 313)","(1.0, 1.0, 1.0)",313,308,5
synthRAD2025_Train_2.5D/Task2/HN/2HNA032/ct.mha,"(5, 312, 307)","(1.0, 1.0, 1.0)",307,312,5
synthRAD2025_Train_2.5D/Task2/HN/2HNA033/ct.mha,"(5, 307, 309)","(1.0, 1.0, 1.0)",309,307,5
synthRAD2025_Train_2.5D/Task2/HN/2HNA034/ct.mha,"(5, 309, 309)","(1.0, 1.0, 1.0)",309,309,5
synthRAD2025_Train_2.5D/Task2/HN/2HNA035/ct.mha,"(5, 307, 308)","(1.0, 1.0, 1.0)",308,307,5
synthRAD2025_Train_2.5D/Task2/HN/2HNA036/ct.mha,"(5, 308, 309)","(1.0, 1.0, 1.0)",309,308,5
synthRAD2025_Train_2.5D/Task2/HN/2HNA038/ct.mha,"(5, 309, 314)","(1.0, 1.0, 1.0)",314,309,5
synthRAD2025_Train_2.5D/Task2/HN/2HNA039/ct.mha,"(5, 308, 310)","(1.0, 1.0, 1.0)",310,308,5
synthRAD2025_Train_2.5D/Task2/HN/2HNA040/ct.mha,"(5, 307, 308)","(1.0, 1.0, 1.0)",308,307,5
synthRAD2025_Train_2.5D/Task2/HN/2HNA041/ct.mha,"(5, 308, 307)","(1.0, 1.0, 1.0)",307,308,5
synthRAD2025_Train_2.5D/Task2/HN/2HNA044/ct.mha,"(5, 311, 314)","(1.0, 1.0, 1.0)",314,311,5
synthRAD2025_Train_2.5D/Task2/HN/2HNA045/ct.mha,"(5, 309, 309)","(1.0, 1.0, 1.0)",309,309,5
synthRAD2025_Train_2.5D/Task2/HN/2HNA046/ct.mha,"(5, 307, 306)","(1.0, 1.0, 1.0)",306,307,5
synthRAD2025_Train_2.5D/Task2/HN/2HNA047/ct.mha,"(5, 308, 310)","(1.0, 1.0, 1.0)",310,308,5
synthRAD2025_Train_2.5D/Task2/HN/2HNA050/ct.mha,"(5, 307, 312)","(1.0, 1.0, 1.0)",312,307,5
synthRAD2025_Train_2.5D/Task2/HN/2HNA056/ct.mha,"(5, 308, 311)","(1.0, 1.0, 1.0)",311,308,5
synthRAD2025_Train_2.5D/Task2/HN/2HNA058/ct.mha,"(5, 307, 307)","(1.0, 1.0, 1.0)",307,307,5
synthRAD2025_Train_2.5D/Task2/HN/2HNA061/ct.mha,"(5, 282, 311)","(1.0, 1.0, 1.0)",311,282,5
synthRAD2025_Train_2.5D/Task2/HN/2HNA068/ct.mha,"(5, 308, 310)","(1.0, 1.0, 1.0)",310,308,5
synthRAD2025_Train_2.5D/Task2/HN/2HNA070/ct.mha,"(5, 310, 309)","(1.0, 1.0, 1.0)",309,310,5
synthRAD2025_Train_2.5D/Task2/HN/2HNA073/ct.mha,"(5, 310, 308)","(1.0, 1.0, 1.0)",308,310,5
synthRAD2025_Train_2.5D/Task2/HN/2HNA076/ct.mha,"(5, 308, 308)","(1.0, 1.0, 1.0)",308,308,5
synthRAD2025_Train_2.5D/Task2/HN/2HNA077/ct.mha,"(5, 308, 308)","(1.0, 1.0, 1.0)",308,308,5
synthRAD2025_Train_2.5D/Task2/HN/2HNA082/ct.mha,"(5, 308, 309)","(1.0, 1.0, 1.0)",309,308,5
synthRAD2025_Train_2.5D/Task2/HN/2HNA083/ct.mha,"(5, 308, 309)","(1.0, 1.0, 1.0)",309,308,5
synthRAD2025_Train_2.5D/Task2/HN/2HNA084/ct.mha,"(5, 309, 310)","(1.0, 1.0, 1.0)",310,309,5
synthRAD2025_Train_2.5D/Task2/HN/2HNA086/ct.mha,"(5, 308, 312)","(1.0, 1.0, 1.0)",312,308,5
synthRAD2025_Train_2.5D/Task2/HN/2HNA087/ct.mha,"(5, 309, 310)","(1.0, 1.0, 1.0)",310,309,5
synthRAD2025_Train_2.5D/Task2/HN/2HNA088/ct.mha,"(5, 310, 308)","(1.0, 1.0, 1.0)",308,310,5
synthRAD2025_Train_2.5D/Task2/HN/2HNA089/ct.mha,"(5, 311, 308)","(1.0, 1.0, 1.0)",308,311,5
synthRAD2025_Train_2.5D/Task2/HN/2HNA090/ct.mha,"(5, 309, 309)","(1.0, 1.0, 1.0)",309,309,5
synthRAD2025_Train_2.5D/Task2/HN/2HNA091/ct.mha,"(5, 308, 312)","(1.0, 1.0, 1.0)",312,308,5
synthRAD2025_Train_2.5D/Task2/HN/2HNA092/ct.mha,"(5, 309, 310)","(1.0, 1.0, 1.0)",310,309,5
synthRAD2025_Train_2.5D/Task2/HN/2HNA093/ct.mha,"(5, 310, 312)","(1.0, 1.0, 1.0)",312,310,5
synthRAD2025_Train_2.5D/Task2/HN/2HNA094/ct.mha,"(5, 310, 309)","(1.0, 1.0, 1.0)",309,310,5
synthRAD2025_Train_2.5D/Task2/HN/2HNA095/ct.mha,"(5, 309, 310)","(1.0, 1.0, 1.0)",310,309,5
synthRAD2025_Train_2.5D/Task2/HN/2HNA096/ct.mha,"(5, 307, 308)","(1.0, 1.0, 1.0)",308,307,5
synthRAD2025_Train_2.5D/Task2/HN/2HNA097/ct.mha,"(5, 308, 310)","(1.0, 1.0, 1.0)",310,308,5
synthRAD2025_Train_2.5D/Task2/HN/2HNA098/ct.mha,"(5, 288, 273)","(1.0, 1.0, 1.0)",273,288,5
synthRAD2025_Train_2.5D/Task2/HN/2HNA099/ct.mha,"(5, 309, 309)","(1.0, 1.0, 1.0)",309,309,5
synthRAD2025_Train_2.5D/Task2/HN/2HNA100/ct.mha,"(5, 307, 307)","(1.0, 1.0, 1.0)",307,307,5
synthRAD2025_Train_2.5D/Task2/HN/2HNA102/ct.mha,"(5, 310, 307)","(1.0, 1.0, 1.0)",307,310,5
synthRAD2025_Train_2.5D/Task2/HN/2HNA104/ct.mha,"(5, 311, 309)","(1.0, 1.0, 1.0)",309,311,5
synthRAD2025_Train_2.5D/Task2/HN/2HNA105/ct.mha,"(5, 308, 311)","(1.0, 1.0, 1.0)",311,308,5
synthRAD2025_Train_2.5D/Task2/HN/2HNA106/ct.mha,"(5, 309, 309)","(1.0, 1.0, 1.0)",309,309,5
synthRAD2025_Train_2.5D/Task2/HN/2HNA107/ct.mha,"(5, 310, 308)","(1.0, 1.0, 1.0)",308,310,5
synthRAD2025_Train_2.5D/Task2/HN/2HNA108/ct.mha,"(5, 225, 308)","(1.0, 1.0, 1.0)",308,225,5
synthRAD2025_Train_2.5D/Task2/HN/2HNA110/ct.mha,"(5, 308, 307)","(1.0, 1.0, 1.0)",307,308,5
synthRAD2025_Train_2.5D/Task2/HN/2HNA111/ct.mha,"(5, 311, 308)","(1.0, 1.0, 1.0)",308,311,5
synthRAD2025_Train_2.5D/Task2/HN/2HNA113/ct.mha,"(5, 310, 310)","(1.0, 1.0, 1.0)",310,310,5
synthRAD2025_Train_2.5D/Task2/HN/2HNA115/ct.mha,"(5, 309, 307)","(1.0, 1.0, 1.0)",307,309,5
synthRAD2025_Train_2.5D/Task2/HN/2HNB001/ct.mha,"(5, 310, 308)","(1.0, 1.0, 1.0)",308,310,5
synthRAD2025_Train_2.5D/Task2/HN/2HNB002/ct.mha,"(5, 313, 311)","(1.0, 1.0, 1.0)",311,313,5
synthRAD2025_Train_2.5D/Task2/HN/2HNB005/ct.mha,"(5, 309, 309)","(1.0, 1.0, 1.0)",309,309,5
synthRAD2025_Train_2.5D/Task2/HN/2HNB006/ct.mha,"(5, 309, 307)","(1.0, 1.0, 1.0)",307,309,5
synthRAD2025_Train_2.5D/Task2/HN/2HNB007/ct.mha,"(5, 309, 308)","(1.0, 1.0, 1.0)",308,309,5
synthRAD2025_Train_2.5D/Task2/HN/2HNB009/ct.mha,"(5, 309, 309)","(1.0, 1.0, 1.0)",309,309,5
synthRAD2025_Train_2.5D/Task2/HN/2HNB010/ct.mha,"(5, 308, 312)","(1.0, 1.0, 1.0)",312,308,5
synthRAD2025_Train_2.5D/Task2/HN/2HNB011/ct.mha,"(5, 308, 310)","(1.0, 1.0, 1.0)",310,308,5
synthRAD2025_Train_2.5D/Task2/HN/2HNB013/ct.mha,"(5, 311, 309)","(1.0, 1.0, 1.0)",309,311,5
synthRAD2025_Train_2.5D/Task2/HN/2HNB014/ct.mha,"(5, 308, 308)","(1.0, 1.0, 1.0)",308,308,5
synthRAD2025_Train_2.5D/Task2/HN/2HNB015/ct.mha,"(5, 308, 308)","(1.0, 1.0, 1.0)",308,308,5
synthRAD2025_Train_2.5D/Task2/HN/2HNB016/ct.mha,"(5, 307, 307)","(1.0, 1.0, 1.0)",307,307,5
synthRAD2025_Train_2.5D/Task2/HN/2HNB019/ct.mha,"(5, 308, 309)","(1.0, 1.0, 1.0)",309,308,5
synthRAD2025_Train_2.5D/Task2/HN/2HNB020/ct.mha,"(5, 310, 307)","(1.0, 1.0, 1.0)",307,310,5
synthRAD2025_Train_2.5D/Task2/HN/2HNB023/ct.mha,"(5, 315, 315)","(1.0, 1.0, 1.0)",315,315,5
synthRAD2025_Train_2.5D/Task2/HN/2HNB024/ct.mha,"(5, 306, 307)","(1.0, 1.0, 1.0)",307,306,5
synthRAD2025_Train_2.5D/Task2/HN/2HNB030/ct.mha,"(5, 310, 311)","(1.0, 1.0, 1.0)",311,310,5
synthRAD2025_Train_2.5D/Task2/HN/2HNB031/ct.mha,"(5, 311, 308)","(1.0, 1.0, 1.0)",308,311,5
synthRAD2025_Train_2.5D/Task2/HN/2HNB033/ct.mha,"(5, 309, 308)","(1.0, 1.0, 1.0)",308,309,5
synthRAD2025_Train_2.5D/Task2/HN/2HNB034/ct.mha,"(5, 310, 309)","(1.0, 1.0, 1.0)",309,310,5
synthRAD2025_Train_2.5D/Task2/HN/2HNB036/ct.mha,"(5, 309, 309)","(1.0, 1.0, 1.0)",309,309,5
synthRAD2025_Train_2.5D/Task2/HN/2HNB037/ct.mha,"(5, 312, 309)","(1.0, 1.0, 1.0)",309,312,5
synthRAD2025_Train_2.5D/Task2/HN/2HNB039/ct.mha,"(5, 310, 311)","(1.0, 1.0, 1.0)",311,310,5
synthRAD2025_Train_2.5D/Task2/HN/2HNB043/ct.mha,"(5, 310, 311)","(1.0, 1.0, 1.0)",311,310,5
synthRAD2025_Train_2.5D/Task2/HN/2HNB044/ct.mha,"(5, 308, 309)","(1.0, 1.0, 1.0)",309,308,5
synthRAD2025_Train_2.5D/Task2/HN/2HNB045/ct.mha,"(5, 309, 310)","(1.0, 1.0, 1.0)",310,309,5
synthRAD2025_Train_2.5D/Task2/HN/2HNB047/ct.mha,"(5, 310, 311)","(1.0, 1.0, 1.0)",311,310,5
synthRAD2025_Train_2.5D/Task2/HN/2HNB050/ct.mha,"(5, 312, 311)","(1.0, 1.0, 1.0)",311,312,5
synthRAD2025_Train_2.5D/Task2/HN/2HNB051/ct.mha,"(5, 309, 311)","(1.0, 1.0, 1.0)",311,309,5
synthRAD2025_Train_2.5D/Task2/HN/2HNB053/ct.mha,"(5, 308, 310)","(1.0, 1.0, 1.0)",310,308,5
synthRAD2025_Train_2.5D/Task2/HN/2HNB054/ct.mha,"(5, 310, 309)","(1.0, 1.0, 1.0)",309,310,5
synthRAD2025_Train_2.5D/Task2/HN/2HNB055/ct.mha,"(5, 308, 310)","(1.0, 1.0, 1.0)",310,308,5
synthRAD2025_Train_2.5D/Task2/HN/2HNB058/ct.mha,"(5, 311, 308)","(1.0, 1.0, 1.0)",308,311,5
synthRAD2025_Train_2.5D/Task2/HN/2HNB059/ct.mha,"(5, 309, 308)","(1.0, 1.0, 1.0)",308,309,5
synthRAD2025_Train_2.5D/Task2/HN/2HNB060/ct.mha,"(5, 311, 311)","(1.0, 1.0, 1.0)",311,311,5
synthRAD2025_Train_2.5D/Task2/HN/2HNB061/ct.mha,"(5, 307, 309)","(1.0, 1.0, 1.0)",309,307,5
synthRAD2025_Train_2.5D/Task2/HN/2HNB063/ct.mha,"(5, 310, 311)","(1.0, 1.0, 1.0)",311,310,5
synthRAD2025_Train_2.5D/Task2/HN/2HNB064/ct.mha,"(5, 309, 309)","(1.0, 1.0, 1.0)",309,309,5
synthRAD2025_Train_2.5D/Task2/HN/2HNB065/ct.mha,"(5, 309, 308)","(1.0, 1.0, 1.0)",308,309,5
synthRAD2025_Train_2.5D/Task2/HN/2HNB067/ct.mha,"(5, 309, 309)","(1.0, 1.0, 1.0)",309,309,5
synthRAD2025_Train_2.5D/Task2/HN/2HNB070/ct.mha,"(5, 311, 308)","(1.0, 1.0, 1.0)",308,311,5
synthRAD2025_Train_2.5D/Task2/HN/2HNB071/ct.mha,"(5, 310, 313)","(1.0, 1.0, 1.0)",313,310,5
synthRAD2025_Train_2.5D/Task2/HN/2HNB072/ct.mha,"(5, 310, 309)","(1.0, 1.0, 1.0)",309,310,5
synthRAD2025_Train_2.5D/Task2/HN/2HNB074/ct.mha,"(5, 309, 311)","(1.0, 1.0, 1.0)",311,309,5
synthRAD2025_Train_2.5D/Task2/HN/2HNB075/ct.mha,"(5, 310, 309)","(1.0, 1.0, 1.0)",309,310,5
synthRAD2025_Train_2.5D/Task2/HN/2HNB078/ct.mha,"(5, 308, 308)","(1.0, 1.0, 1.0)",308,308,5
synthRAD2025_Train_2.5D/Task2/HN/2HNB081/ct.mha,"(5, 310, 309)","(1.0, 1.0, 1.0)",309,310,5
synthRAD2025_Train_2.5D/Task2/HN/2HNB082/ct.mha,"(5, 309, 310)","(1.0, 1.0, 1.0)",310,309,5
synthRAD2025_Train_2.5D/Task2/HN/2HNB085/ct.mha,"(5, 312, 312)","(1.0, 1.0, 1.0)",312,312,5
synthRAD2025_Train_2.5D/Task2/HN/2HNB086/ct.mha,"(5, 309, 311)","(1.0, 1.0, 1.0)",311,309,5
synthRAD2025_Train_2.5D/Task2/HN/2HNB089/ct.mha,"(5, 312, 311)","(1.0, 1.0, 1.0)",311,312,5
synthRAD2025_Train_2.5D/Task2/HN/2HNB091/ct.mha,"(5, 312, 310)","(1.0, 1.0, 1.0)",310,312,5
synthRAD2025_Train_2.5D/Task2/HN/2HNB093/ct.mha,"(5, 307, 309)","(1.0, 1.0, 1.0)",309,307,5
synthRAD2025_Train_2.5D/Task2/HN/2HNB098/ct.mha,"(5, 312, 308)","(1.0, 1.0, 1.0)",308,312,5
synthRAD2025_Train_2.5D/Task2/HN/2HNB099/ct.mha,"(5, 307, 309)","(1.0, 1.0, 1.0)",309,307,5
synthRAD2025_Train_2.5D/Task2/HN/2HNB101/ct.mha,"(5, 308, 312)","(1.0, 1.0, 1.0)",312,308,5
synthRAD2025_Train_2.5D/Task2/HN/2HNB102/ct.mha,"(5, 311, 307)","(1.0, 1.0, 1.0)",307,311,5
synthRAD2025_Train_2.5D/Task2/HN/2HNB103/ct.mha,"(5, 312, 311)","(1.0, 1.0, 1.0)",311,312,5
synthRAD2025_Train_2.5D/Task2/HN/2HNB104/ct.mha,"(5, 310, 311)","(1.0, 1.0, 1.0)",311,310,5
synthRAD2025_Train_2.5D/Task2/HN/2HNB105/ct.mha,"(5, 308, 312)","(1.0, 1.0, 1.0)",312,308,5
synthRAD2025_Train_2.5D/Task2/HN/2HNB106/ct.mha,"(5, 310, 308)","(1.0, 1.0, 1.0)",308,310,5
synthRAD2025_Train_2.5D/Task2/HN/2HNB107/ct.mha,"(5, 311, 309)","(1.0, 1.0, 1.0)",309,311,5
synthRAD2025_Train_2.5D/Task2/HN/2HNB108/ct.mha,"(5, 309, 310)","(1.0, 1.0, 1.0)",310,309,5
synthRAD2025_Train_2.5D/Task2/HN/2HNB109/ct.mha,"(5, 311, 317)","(1.0, 1.0, 1.0)",317,311,5
synthRAD2025_Train_2.5D/Task2/HN/2HNB111/ct.mha,"(5, 308, 308)","(1.0, 1.0, 1.0)",308,308,5
synthRAD2025_Train_2.5D/Task2/HN/2HNC017/ct.mha,"(5, 311, 309)","(1.0, 1.0, 1.0)",309,311,5
synthRAD2025_Train_2.5D/Task2/HN/2HNC018/ct.mha,"(5, 311, 311)","(1.0, 1.0, 1.0)",311,311,5
synthRAD2025_Train_2.5D/Task2/HN/2HNC020/ct.mha,"(5, 311, 309)","(1.0, 1.0, 1.0)",309,311,5
synthRAD2025_Train_2.5D/Task2/HN/2HNC021/ct.mha,"(5, 310, 307)","(1.0, 1.0, 1.0)",307,310,5
synthRAD2025_Train_2.5D/Task2/HN/2HNC024/ct.mha,"(5, 311, 308)","(1.0, 1.0, 1.0)",308,311,5
synthRAD2025_Train_2.5D/Task2/HN/2HNC025/ct.mha,"(5, 309, 309)","(1.0, 1.0, 1.0)",309,309,5
synthRAD2025_Train_2.5D/Task2/HN/2HNC027/ct.mha,"(5, 311, 312)","(1.0, 1.0, 1.0)",312,311,5
synthRAD2025_Train_2.5D/Task2/HN/2HNC028/ct.mha,"(5, 310, 307)","(1.0, 1.0, 1.0)",307,310,5
synthRAD2025_Train_2.5D/Task2/HN/2HNC029/ct.mha,"(5, 309, 311)","(1.0, 1.0, 1.0)",311,309,5
synthRAD2025_Train_2.5D/Task2/HN/2HNC030/ct.mha,"(5, 310, 311)","(1.0, 1.0, 1.0)",311,310,5
synthRAD2025_Train_2.5D/Task2/HN/2HNC034/ct.mha,"(5, 312, 308)","(1.0, 1.0, 1.0)",308,312,5
synthRAD2025_Train_2.5D/Task2/HN/2HNC036/ct.mha,"(5, 308, 311)","(1.0, 1.0, 1.0)",311,308,5
synthRAD2025_Train_2.5D/Task2/HN/2HNC037/ct.mha,"(5, 311, 312)","(1.0, 1.0, 1.0)",312,311,5
synthRAD2025_Train_2.5D/Task2/HN/2HNC040/ct.mha,"(5, 313, 314)","(1.0, 1.0, 1.0)",314,313,5
synthRAD2025_Train_2.5D/Task2/HN/2HNC042/ct.mha,"(5, 311, 311)","(1.0, 1.0, 1.0)",311,311,5
synthRAD2025_Train_2.5D/Task2/HN/2HNC043/ct.mha,"(5, 308, 309)","(1.0, 1.0, 1.0)",309,308,5
synthRAD2025_Train_2.5D/Task2/HN/2HNC046/ct.mha,"(5, 314, 313)","(1.0, 1.0, 1.0)",313,314,5
synthRAD2025_Train_2.5D/Task2/HN/2HNC048/ct.mha,"(5, 312, 312)","(1.0, 1.0, 1.0)",312,312,5
synthRAD2025_Train_2.5D/Task2/HN/2HNC049/ct.mha,"(5, 314, 311)","(1.0, 1.0, 1.0)",311,314,5
synthRAD2025_Train_2.5D/Task2/HN/2HNC051/ct.mha,"(5, 308, 312)","(1.0, 1.0, 1.0)",312,308,5
synthRAD2025_Train_2.5D/Task2/HN/2HNC052/ct.mha,"(5, 308, 312)","(1.0, 1.0, 1.0)",312,308,5
synthRAD2025_Train_2.5D/Task2/HN/2HNC053/ct.mha,"(5, 313, 308)","(1.0, 1.0, 1.0)",308,313,5
synthRAD2025_Train_2.5D/Task2/HN/2HNC055/ct.mha,"(5, 307, 309)","(1.0, 1.0, 1.0)",309,307,5
synthRAD2025_Train_2.5D/Task2/HN/2HNC057/ct.mha,"(5, 311, 308)","(1.0, 1.0, 1.0)",308,311,5
synthRAD2025_Train_2.5D/Task2/HN/2HNC058/ct.mha,"(5, 317, 311)","(1.0, 1.0, 1.0)",311,317,5
synthRAD2025_Train_2.5D/Task2/HN/2HNC060/ct.mha,"(5, 307, 311)","(1.0, 1.0, 1.0)",311,307,5
synthRAD2025_Train_2.5D/Task2/HN/2HNC061/ct.mha,"(5, 308, 312)","(1.0, 1.0, 1.0)",312,308,5
synthRAD2025_Train_2.5D/Task2/HN/2HNC062/ct.mha,"(5, 310, 310)","(1.0, 1.0, 1.0)",310,310,5
synthRAD2025_Train_2.5D/Task2/HN/2HNC063/ct.mha,"(5, 311, 311)","(1.0, 1.0, 1.0)",311,311,5
synthRAD2025_Train_2.5D/Task2/HN/2HNC066/ct.mha,"(5, 308, 310)","(1.0, 1.0, 1.0)",310,308,5
synthRAD2025_Train_2.5D/Task2/HN/2HNC069/ct.mha,"(5, 309, 307)","(1.0, 1.0, 1.0)",307,309,5
synthRAD2025_Train_2.5D/Task2/HN/2HNC072/ct.mha,"(5, 308, 311)","(1.0, 1.0, 1.0)",311,308,5
synthRAD2025_Train_2.5D/Task2/HN/2HNC074/ct.mha,"(5, 308, 310)","(1.0, 1.0, 1.0)",310,308,5
synthRAD2025_Train_2.5D/Task2/HN/2HNC075/ct.mha,"(5, 310, 309)","(1.0, 1.0, 1.0)",309,310,5
synthRAD2025_Train_2.5D/Task2/HN/2HNC076/ct.mha,"(5, 309, 309)","(1.0, 1.0, 1.0)",309,309,5
synthRAD2025_Train_2.5D/Task2/HN/2HNC077/ct.mha,"(5, 309, 309)","(1.0, 1.0, 1.0)",309,309,5
synthRAD2025_Train_2.5D/Task2/HN/2HNC078/ct.mha,"(5, 310, 314)","(1.0, 1.0, 1.0)",314,310,5
synthRAD2025_Train_2.5D/Task2/HN/2HNC079/ct.mha,"(5, 309, 308)","(1.0, 1.0, 1.0)",308,309,5
synthRAD2025_Train_2.5D/Task2/HN/2HNC080/ct.mha,"(5, 314, 312)","(1.0, 1.0, 1.0)",312,314,5
synthRAD2025_Train_2.5D/Task2/HN/2HNC081/ct.mha,"(5, 308, 309)","(1.0, 1.0, 1.0)",309,308,5
synthRAD2025_Train_2.5D/Task2/HN/2HNC082/ct.mha,"(5, 309, 310)","(1.0, 1.0, 1.0)",310,309,5
synthRAD2025_Train_2.5D/Task2/HN/2HNC084/ct.mha,"(5, 309, 310)","(1.0, 1.0, 1.0)",310,309,5
synthRAD2025_Train_2.5D/Task2/HN/2HNC085/ct.mha,"(5, 312, 309)","(1.0, 1.0, 1.0)",309,312,5
synthRAD2025_Train_2.5D/Task2/HN/2HNC086/ct.mha,"(5, 310, 310)","(1.0, 1.0, 1.0)",310,310,5
synthRAD2025_Train_2.5D/Task2/HN/2HNC087/ct.mha,"(5, 313, 311)","(1.0, 1.0, 1.0)",311,313,5
synthRAD2025_Train_2.5D/Task2/HN/2HNC088/ct.mha,"(5, 311, 310)","(1.0, 1.0, 1.0)",310,311,5
synthRAD2025_Train_2.5D/Task2/HN/2HNC091/ct.mha,"(5, 311, 309)","(1.0, 1.0, 1.0)",309,311,5
synthRAD2025_Train_2.5D/Task2/HN/2HNC092/ct.mha,"(5, 311, 312)","(1.0, 1.0, 1.0)",312,311,5
synthRAD2025_Train_2.5D/Task2/HN/2HNC094/ct.mha,"(5, 311, 310)","(1.0, 1.0, 1.0)",310,311,5
synthRAD2025_Train_2.5D/Task2/HN/2HNC097/ct.mha,"(5, 309, 307)","(1.0, 1.0, 1.0)",307,309,5
synthRAD2025_Train_2.5D/Task2/HN/2HNC098/ct.mha,"(5, 310, 311)","(1.0, 1.0, 1.0)",311,310,5
synthRAD2025_Train_2.5D/Task2/HN/2HNC099/ct.mha,"(5, 312, 308)","(1.0, 1.0, 1.0)",308,312,5
synthRAD2025_Train_2.5D/Task2/HN/2HNC100/ct.mha,"(5, 293, 319)","(1.0, 1.0, 1.0)",319,293,5
synthRAD2025_Train_2.5D/Task2/HN/2HNC101/ct.mha,"(5, 308, 308)","(1.0, 1.0, 1.0)",308,308,5
synthRAD2025_Train_2.5D/Task2/HN/2HNC102/ct.mha,"(5, 310, 309)","(1.0, 1.0, 1.0)",309,310,5
synthRAD2025_Train_2.5D/Task2/HN/2HNC104/ct.mha,"(5, 309, 310)","(1.0, 1.0, 1.0)",310,309,5
synthRAD2025_Train_2.5D/Task2/HN/2HNC108/ct.mha,"(5, 307, 310)","(1.0, 1.0, 1.0)",310,307,5
synthRAD2025_Train_2.5D/Task2/HN/2HNC112/ct.mha,"(5, 308, 312)","(1.0, 1.0, 1.0)",312,308,5
synthRAD2025_Train_2.5D/Task2/HN/2HNC113/ct.mha,"(5, 308, 307)","(1.0, 1.0, 1.0)",307,308,5
synthRAD2025_Train_2.5D/Task2/HN/2HNC117/ct.mha,"(5, 309, 307)","(1.0, 1.0, 1.0)",307,309,5
synthRAD2025_Train_2.5D/Task2/HN/2HNC118/ct.mha,"(5, 308, 307)","(1.0, 1.0, 1.0)",307,308,5
synthRAD2025_Train_2.5D/Task2/HN/2HNC119/ct.mha,"(5, 307, 310)","(1.0, 1.0, 1.0)",310,307,5
synthRAD2025_Train_2.5D/Task2/HN/2HNC121/ct.mha,"(5, 307, 308)","(1.0, 1.0, 1.0)",308,307,5
synthRAD2025_Train_2.5D/Task2/HN/2HNC123/ct.mha,"(5, 310, 307)","(1.0, 1.0, 1.0)",307,310,5
synthRAD2025_Train_2.5D/Task2/HN/2HNC125/ct.mha,"(5, 311, 311)","(1.0, 1.0, 1.0)",311,311,5
synthRAD2025_Train_2.5D/Task2/HN/2HND002/ct.mha,"(5, 315, 316)","(1.0, 1.0, 1.0)",316,315,5
synthRAD2025_Train_2.5D/Task2/HN/2HND003/ct.mha,"(5, 305, 307)","(1.0, 1.0, 1.0)",307,305,5
synthRAD2025_Train_2.5D/Task2/HN/2HND005/ct.mha,"(5, 300, 305)","(1.0, 1.0, 1.0)",305,300,5
synthRAD2025_Train_2.5D/Task2/HN/2HND006/ct.mha,"(5, 303, 305)","(1.0, 1.0, 1.0)",305,303,5
synthRAD2025_Train_2.5D/Task2/HN/2HND008/ct.mha,"(5, 299, 300)","(1.0, 1.0, 1.0)",300,299,5
synthRAD2025_Train_2.5D/Task2/HN/2HND009/ct.mha,"(5, 304, 301)","(1.0, 1.0, 1.0)",301,304,5
synthRAD2025_Train_2.5D/Task2/HN/2HND010/ct.mha,"(5, 300, 298)","(1.0, 1.0, 1.0)",298,300,5
synthRAD2025_Train_2.5D/Task2/HN/2HND012/ct.mha,"(5, 300, 303)","(1.0, 1.0, 1.0)",303,300,5
synthRAD2025_Train_2.5D/Task2/HN/2HND013/ct.mha,"(5, 304, 305)","(1.0, 1.0, 1.0)",305,304,5
synthRAD2025_Train_2.5D/Task2/HN/2HND015/ct.mha,"(5, 302, 303)","(1.0, 1.0, 1.0)",303,302,5
synthRAD2025_Train_2.5D/Task2/HN/2HND016/ct.mha,"(5, 302, 299)","(1.0, 1.0, 1.0)",299,302,5
synthRAD2025_Train_2.5D/Task2/HN/2HND018/ct.mha,"(5, 300, 301)","(1.0, 1.0, 1.0)",301,300,5
synthRAD2025_Train_2.5D/Task2/HN/2HND019/ct.mha,"(5, 308, 312)","(1.0, 1.0, 1.0)",312,308,5
synthRAD2025_Train_2.5D/Task2/HN/2HND020/ct.mha,"(5, 303, 299)","(1.0, 1.0, 1.0)",299,303,5
synthRAD2025_Train_2.5D/Task2/HN/2HND021/ct.mha,"(5, 300, 300)","(1.0, 1.0, 1.0)",300,300,5
synthRAD2025_Train_2.5D/Task2/HN/2HND022/ct.mha,"(5, 301, 299)","(1.0, 1.0, 1.0)",299,301,5
synthRAD2025_Train_2.5D/Task2/HN/2HND024/ct.mha,"(5, 307, 306)","(1.0, 1.0, 1.0)",306,307,5
synthRAD2025_Train_2.5D/Task2/HN/2HND025/ct.mha,"(5, 304, 304)","(1.0, 1.0, 1.0)",304,304,5
synthRAD2025_Train_2.5D/Task2/HN/2HND027/ct.mha,"(5, 303, 306)","(1.0, 1.0, 1.0)",306,303,5
synthRAD2025_Train_2.5D/Task2/HN/2HND028/ct.mha,"(5, 303, 303)","(1.0, 1.0, 1.0)",303,303,5
synthRAD2025_Train_2.5D/Task2/HN/2HND031/ct.mha,"(5, 308, 301)","(1.0, 1.0, 1.0)",301,308,5
synthRAD2025_Train_2.5D/Task2/HN/2HND033/ct.mha,"(5, 310, 301)","(1.0, 1.0, 1.0)",301,310,5
synthRAD2025_Train_2.5D/Task2/HN/2HND035/ct.mha,"(5, 300, 300)","(1.0, 1.0, 1.0)",300,300,5
synthRAD2025_Train_2.5D/Task2/HN/2HND036/ct.mha,"(5, 301, 301)","(1.0, 1.0, 1.0)",301,301,5
synthRAD2025_Train_2.5D/Task2/HN/2HND037/ct.mha,"(5, 392, 400)","(1.0, 1.0, 1.0)",400,392,5
synthRAD2025_Train_2.5D/Task2/HN/2HND042/ct.mha,"(5, 302, 302)","(1.0, 1.0, 1.0)",302,302,5
synthRAD2025_Train_2.5D/Task2/HN/2HND043/ct.mha,"(5, 301, 302)","(1.0, 1.0, 1.0)",302,301,5
synthRAD2025_Train_2.5D/Task2/HN/2HND044/ct.mha,"(5, 301, 301)","(1.0, 1.0, 1.0)",301,301,5
synthRAD2025_Train_2.5D/Task2/HN/2HND046/ct.mha,"(5, 299, 301)","(1.0, 1.0, 1.0)",301,299,5
synthRAD2025_Train_2.5D/Task2/HN/2HND047/ct.mha,"(5, 304, 303)","(1.0, 1.0, 1.0)",303,304,5
synthRAD2025_Train_2.5D/Task2/HN/2HND048/ct.mha,"(5, 302, 298)","(1.0, 1.0, 1.0)",298,302,5
synthRAD2025_Train_2.5D/Task2/HN/2HND049/ct.mha,"(5, 299, 300)","(1.0, 1.0, 1.0)",300,299,5
synthRAD2025_Train_2.5D/Task2/HN/2HND051/ct.mha,"(5, 371, 394)","(1.0, 1.0, 1.0)",394,371,5
synthRAD2025_Train_2.5D/Task2/HN/2HND054/ct.mha,"(5, 285, 306)","(1.0, 1.0, 1.0)",306,285,5
synthRAD2025_Train_2.5D/Task2/HN/2HND056/ct.mha,"(5, 300, 299)","(1.0, 1.0, 1.0)",299,300,5
synthRAD2025_Train_2.5D/Task2/HN/2HND057/ct.mha,"(5, 301, 299)","(1.0, 1.0, 1.0)",299,301,5
synthRAD2025_Train_2.5D/Task2/HN/2HND058/ct.mha,"(5, 302, 302)","(1.0, 1.0, 1.0)",302,302,5
synthRAD2025_Train_2.5D/Task2/HN/2HND060/ct.mha,"(5, 299, 302)","(1.0, 1.0, 1.0)",302,299,5
synthRAD2025_Train_2.5D/Task2/HN/2HND061/ct.mha,"(5, 304, 303)","(1.0, 1.0, 1.0)",303,304,5
synthRAD2025_Train_2.5D/Task2/HN/2HND062/ct.mha,"(5, 311, 311)","(1.0, 1.0, 1.0)",311,311,5
synthRAD2025_Train_2.5D/Task2/HN/2HND063/ct.mha,"(5, 299, 302)","(1.0, 1.0, 1.0)",302,299,5
synthRAD2025_Train_2.5D/Task2/HN/2HND065/ct.mha,"(5, 300, 301)","(1.0, 1.0, 1.0)",301,300,5
synthRAD2025_Train_2.5D/Task2/HN/2HND066/ct.mha,"(5, 304, 300)","(1.0, 1.0, 1.0)",300,304,5
synthRAD2025_Train_2.5D/Task2/HN/2HND067/ct.mha,"(5, 305, 300)","(1.0, 1.0, 1.0)",300,305,5
synthRAD2025_Train_2.5D/Task2/HN/2HND069/ct.mha,"(5, 290, 313)","(1.0, 1.0, 1.0)",313,290,5
synthRAD2025_Train_2.5D/Task2/HN/2HND070/ct.mha,"(5, 300, 299)","(1.0, 1.0, 1.0)",299,300,5
synthRAD2025_Train_2.5D/Task2/HN/2HND071/ct.mha,"(5, 302, 303)","(1.0, 1.0, 1.0)",303,302,5
synthRAD2025_Train_2.5D/Task2/HN/2HND072/ct.mha,"(5, 300, 298)","(1.0, 1.0, 1.0)",298,300,5
synthRAD2025_Train_2.5D/Task2/HN/2HND073/ct.mha,"(5, 305, 302)","(1.0, 1.0, 1.0)",302,305,5
synthRAD2025_Train_2.5D/Task2/HN/2HND075/ct.mha,"(5, 300, 299)","(1.0, 1.0, 1.0)",299,300,5
synthRAD2025_Train_2.5D/Task2/HN/2HND076/ct.mha,"(5, 303, 301)","(1.0, 1.0, 1.0)",301,303,5
synthRAD2025_Train_2.5D/Task2/HN/2HND077/ct.mha,"(5, 310, 305)","(1.0, 1.0, 1.0)",305,310,5
synthRAD2025_Train_2.5D/Task2/HN/2HND078/ct.mha,"(5, 301, 302)","(1.0, 1.0, 1.0)",302,301,5
synthRAD2025_Train_2.5D/Task2/HN/2HND079/ct.mha,"(5, 306, 298)","(1.0, 1.0, 1.0)",298,306,5
synthRAD2025_Train_2.5D/Task2/HN/2HND080/ct.mha,"(5, 310, 308)","(1.0, 1.0, 1.0)",308,310,5
synthRAD2025_Train_2.5D/Task2/HN/2HND081/ct.mha,"(5, 302, 304)","(1.0, 1.0, 1.0)",304,302,5
synthRAD2025_Train_2.5D/Task2/HN/2HND082/ct.mha,"(5, 304, 303)","(1.0, 1.0, 1.0)",303,304,5
synthRAD2025_Train_2.5D/Task2/HN/2HND083/ct.mha,"(5, 308, 313)","(1.0, 1.0, 1.0)",313,308,5
synthRAD2025_Train_2.5D/Task2/HN/2HND084/ct.mha,"(5, 304, 303)","(1.0, 1.0, 1.0)",303,304,5
synthRAD2025_Train_2.5D/Task2/HN/2HND085/ct.mha,"(5, 298, 299)","(1.0, 1.0, 1.0)",299,298,5
synthRAD2025_Train_2.5D/Task2/HN/2HND087/ct.mha,"(5, 299, 301)","(1.0, 1.0, 1.0)",301,299,5
synthRAD2025_Train_2.5D/Task2/HN/2HND088/ct.mha,"(5, 303, 299)","(1.0, 1.0, 1.0)",299,303,5
synthRAD2025_Train_2.5D/Task2/HN/2HND089/ct.mha,"(5, 301, 300)","(1.0, 1.0, 1.0)",300,301,5
synthRAD2025_Train_2.5D/Task2/HN/2HND090/ct.mha,"(5, 313, 310)","(1.0, 1.0, 1.0)",310,313,5
synthRAD2025_Train_2.5D/Task2/HN/2HND091/ct.mha,"(5, 302, 301)","(1.0, 1.0, 1.0)",301,302,5
synthRAD2025_Train_2.5D/Task2/HN/2HNE001/ct.mha,"(5, 299, 298)","(1.0, 1.0, 1.0)",298,299,5
synthRAD2025_Train_2.5D/Task2/HN/2HNE003/ct.mha,"(5, 496, 498)","(1.0, 1.0, 1.0)",498,496,5
synthRAD2025_Train_2.5D/Task2/HN/2HNE004/ct.mha,"(5, 297, 298)","(1.0, 1.0, 1.0)",298,297,5
synthRAD2025_Train_2.5D/Task2/HN/2HNE006/ct.mha,"(5, 305, 304)","(1.0, 1.0, 1.0)",304,305,5
synthRAD2025_Train_2.5D/Task2/HN/2HNE007/ct.mha,"(5, 298, 297)","(1.0, 1.0, 1.0)",297,298,5
synthRAD2025_Train_2.5D/Task2/HN/2HNE010/ct.mha,"(5, 297, 297)","(1.0, 1.0, 1.0)",297,297,5
synthRAD2025_Train_2.5D/Task2/HN/2HNE011/ct.mha,"(5, 299, 297)","(1.0, 1.0, 1.0)",297,299,5
synthRAD2025_Train_2.5D/Task2/HN/2HNE012/ct.mha,"(5, 298, 299)","(1.0, 1.0, 1.0)",299,298,5
synthRAD2025_Train_2.5D/Task2/HN/2HNE016/ct.mha,"(5, 298, 297)","(1.0, 1.0, 1.0)",297,298,5
synthRAD2025_Train_2.5D/Task2/HN/2HNE017/ct.mha,"(5, 457, 498)","(1.0, 1.0, 1.0)",498,457,5
synthRAD2025_Train_2.5D/Task2/HN/2HNE018/ct.mha,"(5, 298, 297)","(1.0, 1.0, 1.0)",297,298,5
synthRAD2025_Train_2.5D/Task2/HN/2HNE022/ct.mha,"(5, 298, 296)","(1.0, 1.0, 1.0)",296,298,5
synthRAD2025_Train_2.5D/Task2/HN/2HNE023/ct.mha,"(5, 297, 298)","(1.0, 1.0, 1.0)",298,297,5
synthRAD2025_Train_2.5D/Task2/HN/2HNE024/ct.mha,"(5, 297, 301)","(1.0, 1.0, 1.0)",301,297,5
synthRAD2025_Train_2.5D/Task2/HN/2HNE026/ct.mha,"(5, 482, 498)","(1.0, 1.0, 1.0)",498,482,5
synthRAD2025_Train_2.5D/Task2/HN/2HNE028/ct.mha,"(5, 496, 498)","(1.0, 1.0, 1.0)",498,496,5
synthRAD2025_Train_2.5D/Task2/HN/2HNE030/ct.mha,"(5, 500, 498)","(1.0, 1.0, 1.0)",498,500,5
synthRAD2025_Train_2.5D/Task2/HN/2HNE031/ct.mha,"(5, 298, 296)","(1.0, 1.0, 1.0)",296,298,5
synthRAD2025_Train_2.5D/Task2/HN/2HNE032/ct.mha,"(5, 296, 295)","(1.0, 1.0, 1.0)",295,296,5
synthRAD2025_Train_2.5D/Task2/HN/2HNE034/ct.mha,"(5, 497, 497)","(1.0, 1.0, 1.0)",497,497,5
synthRAD2025_Train_2.5D/Task2/HN/2HNE036/ct.mha,"(5, 300, 299)","(1.0, 1.0, 1.0)",299,300,5
synthRAD2025_Train_2.5D/Task2/HN/2HNE037/ct.mha,"(5, 297, 297)","(1.0, 1.0, 1.0)",297,297,5
synthRAD2025_Train_2.5D/Task2/HN/2HNE038/ct.mha,"(5, 296, 297)","(1.0, 1.0, 1.0)",297,296,5
synthRAD2025_Train_2.5D/Task2/HN/2HNE041/ct.mha,"(5, 480, 499)","(1.0, 1.0, 1.0)",499,480,5
synthRAD2025_Train_2.5D/Task2/HN/2HNE042/ct.mha,"(5, 298, 298)","(1.0, 1.0, 1.0)",298,298,5
synthRAD2025_Train_2.5D/Task2/HN/2HNE043/ct.mha,"(5, 297, 297)","(1.0, 1.0, 1.0)",297,297,5
synthRAD2025_Train_2.5D/Task2/HN/2HNE046/ct.mha,"(5, 297, 303)","(1.0, 1.0, 1.0)",303,297,5
synthRAD2025_Train_2.5D/Task2/HN/2HNE049/ct.mha,"(5, 299, 299)","(1.0, 1.0, 1.0)",299,299,5
synthRAD2025_Train_2.5D/Task2/HN/2HNE050/ct.mha,"(5, 299, 298)","(1.0, 1.0, 1.0)",298,299,5
synthRAD2025_Train_2.5D/Task2/HN/2HNE051/ct.mha,"(5, 297, 295)","(1.0, 1.0, 1.0)",295,297,5
synthRAD2025_Train_2.5D/Task2/HN/2HNE054/ct.mha,"(5, 299, 299)","(1.0, 1.0, 1.0)",299,299,5
synthRAD2025_Train_2.5D/Task2/HN/2HNE059/ct.mha,"(5, 298, 296)","(1.0, 1.0, 1.0)",296,298,5
synthRAD2025_Train_2.5D/Task2/HN/2HNE060/ct.mha,"(5, 493, 499)","(1.0, 1.0, 1.0)",499,493,5
synthRAD2025_Train_2.5D/Task2/HN/2HNE064/ct.mha,"(5, 296, 297)","(1.0, 1.0, 1.0)",297,296,5
synthRAD2025_Train_2.5D/Task2/HN/2HNE066/ct.mha,"(5, 497, 500)","(1.0, 1.0, 1.0)",500,497,5
synthRAD2025_Train_2.5D/Task2/HN/2HNE067/ct.mha,"(5, 496, 496)","(1.0, 1.0, 1.0)",496,496,5
synthRAD2025_Train_2.5D/Task2/HN/2HNE068/ct.mha,"(5, 484, 501)","(1.0, 1.0, 1.0)",501,484,5
synthRAD2025_Train_2.5D/Task2/HN/2HNE070/ct.mha,"(5, 297, 301)","(1.0, 1.0, 1.0)",301,297,5
synthRAD2025_Train_2.5D/Task2/HN/2HNE072/ct.mha,"(5, 297, 297)","(1.0, 1.0, 1.0)",297,297,5
synthRAD2025_Train_2.5D/Task2/HN/2HNE074/ct.mha,"(5, 300, 298)","(1.0, 1.0, 1.0)",298,300,5
synthRAD2025_Train_2.5D/Task2/HN/2HNE075/ct.mha,"(5, 298, 298)","(1.0, 1.0, 1.0)",298,298,5
synthRAD2025_Train_2.5D/Task2/HN/2HNE076/ct.mha,"(5, 499, 470)","(1.0, 1.0, 1.0)",470,499,5
synthRAD2025_Train_2.5D/Task2/HN/2HNE079/ct.mha,"(5, 297, 298)","(1.0, 1.0, 1.0)",298,297,5
synthRAD2025_Train_2.5D/Task2/HN/2HNE081/ct.mha,"(5, 498, 503)","(1.0, 1.0, 1.0)",503,498,5
synthRAD2025_Train_2.5D/Task2/HN/2HNE083/ct.mha,"(5, 297, 296)","(1.0, 1.0, 1.0)",296,297,5
synthRAD2025_Train_2.5D/Task2/HN/2HNE084/ct.mha,"(5, 300, 298)","(1.0, 1.0, 1.0)",298,300,5
synthRAD2025_Train_2.5D/Task2/HN/2HNE086/ct.mha,"(5, 298, 296)","(1.0, 1.0, 1.0)",296,298,5
synthRAD2025_Train_2.5D/Task2/HN/2HNE087/ct.mha,"(5, 497, 497)","(1.0, 1.0, 1.0)",497,497,5
synthRAD2025_Train_2.5D/Task2/HN/2HNE089/ct.mha,"(5, 501, 499)","(1.0, 1.0, 1.0)",499,501,5
synthRAD2025_Train_2.5D/Task2/HN/2HNE090/ct.mha,"(5, 498, 501)","(1.0, 1.0, 1.0)",501,498,5
synthRAD2025_Train_2.5D/Task2/HN/2HNE092/ct.mha,"(5, 297, 297)","(1.0, 1.0, 1.0)",297,297,5
synthRAD2025_Train_2.5D/Task2/HN/2HNE093/ct.mha,"(5, 498, 477)","(1.0, 1.0, 1.0)",477,498,5
synthRAD2025_Train_2.5D/Task2/HN/2HNE095/ct.mha,"(5, 500, 500)","(1.0, 1.0, 1.0)",500,500,5
synthRAD2025_Train_2.5D/Task2/HN/2HNE097/ct.mha,"(5, 483, 499)","(1.0, 1.0, 1.0)",499,483,5
synthRAD2025_Train_2.5D/Task2/HN/2HNE098/ct.mha,"(5, 497, 498)","(1.0, 1.0, 1.0)",498,497,5
synthRAD2025_Train_2.5D/Task2/HN/2HNE100/ct.mha,"(5, 306, 301)","(1.0, 1.0, 1.0)",301,306,5
synthRAD2025_Train_2.5D/Task2/HN/2HNE101/ct.mha,"(5, 299, 298)","(1.0, 1.0, 1.0)",298,299,5
synthRAD2025_Train_2.5D/Task2/HN/2HNE102/ct.mha,"(5, 296, 298)","(1.0, 1.0, 1.0)",298,296,5
synthRAD2025_Train_2.5D/Task2/HN/2HNE103/ct.mha,"(5, 499, 498)","(1.0, 1.0, 1.0)",498,499,5
synthRAD2025_Train_2.5D/Task2/HN/2HNE104/ct.mha,"(5, 499, 499)","(1.0, 1.0, 1.0)",499,499,5
synthRAD2025_Train_2.5D/Task2/HN/2HNE105/ct.mha,"(5, 498, 504)","(1.0, 1.0, 1.0)",504,498,5
synthRAD2025_Train_2.5D/Task2/HN/2HNE106/ct.mha,"(5, 490, 502)","(1.0, 1.0, 1.0)",502,490,5
synthRAD2025_Train_2.5D/Task2/HN/2HNE107/ct.mha,"(5, 501, 500)","(1.0, 1.0, 1.0)",500,501,5
synthRAD2025_Train_2.5D/Task2/HN/2HNE108/ct.mha,"(5, 501, 499)","(1.0, 1.0, 1.0)",499,501,5
synthRAD2025_Train_2.5D/Task2/HN/2HNE109/ct.mha,"(5, 499, 501)","(1.0, 1.0, 1.0)",501,499,5
synthRAD2025_Train_2.5D/Task2/TH/2THA005/ct.mha,"(5, 311, 310)","(1.0, 1.0, 1.0)",310,311,5
synthRAD2025_Train_2.5D/Task2/TH/2THA010/ct.mha,"(5, 307, 308)","(1.0, 1.0, 1.0)",308,307,5
synthRAD2025_Train_2.5D/Task2/TH/2THA015/ct.mha,"(5, 359, 451)","(1.0, 1.0, 1.0)",451,359,5
synthRAD2025_Train_2.5D/Task2/TH/2THA017/ct.mha,"(5, 450, 450)","(1.0, 1.0, 1.0)",450,450,5
synthRAD2025_Train_2.5D/Task2/TH/2THA019/ct.mha,"(5, 310, 311)","(1.0, 1.0, 1.0)",311,310,5
synthRAD2025_Train_2.5D/Task2/TH/2THA022/ct.mha,"(5, 377, 451)","(1.0, 1.0, 1.0)",451,377,5
synthRAD2025_Train_2.5D/Task2/TH/2THA025/ct.mha,"(5, 309, 309)","(1.0, 1.0, 1.0)",309,309,5
synthRAD2025_Train_2.5D/Task2/TH/2THA030/ct.mha,"(5, 370, 451)","(1.0, 1.0, 1.0)",451,370,5
synthRAD2025_Train_2.5D/Task2/TH/2THA034/ct.mha,"(5, 370, 451)","(1.0, 1.0, 1.0)",451,370,5
synthRAD2025_Train_2.5D/Task2/TH/2THA039/ct.mha,"(5, 449, 453)","(1.0, 1.0, 1.0)",453,449,5
synthRAD2025_Train_2.5D/Task2/TH/2THA040/ct.mha,"(5, 380, 448)","(1.0, 1.0, 1.0)",448,380,5
synthRAD2025_Train_2.5D/Task2/TH/2THA043/ct.mha,"(5, 311, 311)","(1.0, 1.0, 1.0)",311,311,5
synthRAD2025_Train_2.5D/Task2/TH/2THA045/ct.mha,"(5, 429, 448)","(1.0, 1.0, 1.0)",448,429,5
synthRAD2025_Train_2.5D/Task2/TH/2THA046/ct.mha,"(5, 311, 307)","(1.0, 1.0, 1.0)",307,311,5
synthRAD2025_Train_2.5D/Task2/TH/2THA047/ct.mha,"(5, 316, 311)","(1.0, 1.0, 1.0)",311,316,5
synthRAD2025_Train_2.5D/Task2/TH/2THA048/ct.mha,"(5, 308, 311)","(1.0, 1.0, 1.0)",311,308,5
synthRAD2025_Train_2.5D/Task2/TH/2THA052/ct.mha,"(5, 312, 308)","(1.0, 1.0, 1.0)",308,312,5
synthRAD2025_Train_2.5D/Task2/TH/2THA054/ct.mha,"(5, 307, 308)","(1.0, 1.0, 1.0)",308,307,5
synthRAD2025_Train_2.5D/Task2/TH/2THA056/ct.mha,"(5, 314, 310)","(1.0, 1.0, 1.0)",310,314,5
synthRAD2025_Train_2.5D/Task2/TH/2THA058/ct.mha,"(5, 312, 310)","(1.0, 1.0, 1.0)",310,312,5
synthRAD2025_Train_2.5D/Task2/TH/2THA059/ct.mha,"(5, 308, 311)","(1.0, 1.0, 1.0)",311,308,5
synthRAD2025_Train_2.5D/Task2/TH/2THA062/ct.mha,"(5, 310, 312)","(1.0, 1.0, 1.0)",312,310,5
synthRAD2025_Train_2.5D/Task2/TH/2THA065/ct.mha,"(5, 310, 319)","(1.0, 1.0, 1.0)",319,310,5
synthRAD2025_Train_2.5D/Task2/TH/2THA066/ct.mha,"(5, 310, 309)","(1.0, 1.0, 1.0)",309,310,5
synthRAD2025_Train_2.5D/Task2/TH/2THA069/ct.mha,"(5, 310, 309)","(1.0, 1.0, 1.0)",309,310,5
synthRAD2025_Train_2.5D/Task2/TH/2THA070/ct.mha,"(5, 308, 309)","(1.0, 1.0, 1.0)",309,308,5
synthRAD2025_Train_2.5D/Task2/TH/2THA074/ct.mha,"(5, 290, 285)","(1.0, 1.0, 1.0)",285,290,5
synthRAD2025_Train_2.5D/Task2/TH/2THA075/ct.mha,"(5, 288, 291)","(1.0, 1.0, 1.0)",291,288,5
synthRAD2025_Train_2.5D/Task2/TH/2THA076/ct.mha,"(5, 310, 310)","(1.0, 1.0, 1.0)",310,310,5
synthRAD2025_Train_2.5D/Task2/TH/2THA077/ct.mha,"(5, 308, 297)","(1.0, 1.0, 1.0)",297,308,5
synthRAD2025_Train_2.5D/Task2/TH/2THA078/ct.mha,"(5, 310, 309)","(1.0, 1.0, 1.0)",309,310,5
synthRAD2025_Train_2.5D/Task2/TH/2THA081/ct.mha,"(5, 316, 309)","(1.0, 1.0, 1.0)",309,316,5
synthRAD2025_Train_2.5D/Task2/TH/2THA082/ct.mha,"(5, 308, 309)","(1.0, 1.0, 1.0)",309,308,5
synthRAD2025_Train_2.5D/Task2/TH/2THA084/ct.mha,"(5, 310, 311)","(1.0, 1.0, 1.0)",311,310,5
synthRAD2025_Train_2.5D/Task2/TH/2THA085/ct.mha,"(5, 311, 308)","(1.0, 1.0, 1.0)",308,311,5
synthRAD2025_Train_2.5D/Task2/TH/2THA090/ct.mha,"(5, 314, 309)","(1.0, 1.0, 1.0)",309,314,5
synthRAD2025_Train_2.5D/Task2/TH/2THA091/ct.mha,"(5, 310, 299)","(1.0, 1.0, 1.0)",299,310,5
synthRAD2025_Train_2.5D/Task2/TH/2THA092/ct.mha,"(5, 312, 309)","(1.0, 1.0, 1.0)",309,312,5
synthRAD2025_Train_2.5D/Task2/TH/2THA093/ct.mha,"(5, 309, 309)","(1.0, 1.0, 1.0)",309,309,5
synthRAD2025_Train_2.5D/Task2/TH/2THA096/ct.mha,"(5, 310, 289)","(1.0, 1.0, 1.0)",289,310,5
synthRAD2025_Train_2.5D/Task2/TH/2THA097/ct.mha,"(5, 308, 309)","(1.0, 1.0, 1.0)",309,308,5
synthRAD2025_Train_2.5D/Task2/TH/2THA099/ct.mha,"(5, 308, 313)","(1.0, 1.0, 1.0)",313,308,5
synthRAD2025_Train_2.5D/Task2/TH/2THA101/ct.mha,"(5, 308, 309)","(1.0, 1.0, 1.0)",309,308,5
synthRAD2025_Train_2.5D/Task2/TH/2THA103/ct.mha,"(5, 310, 308)","(1.0, 1.0, 1.0)",308,310,5
synthRAD2025_Train_2.5D/Task2/TH/2THA105/ct.mha,"(5, 309, 307)","(1.0, 1.0, 1.0)",307,309,5
synthRAD2025_Train_2.5D/Task2/TH/2THA106/ct.mha,"(5, 311, 309)","(1.0, 1.0, 1.0)",309,311,5
synthRAD2025_Train_2.5D/Task2/TH/2THA107/ct.mha,"(5, 309, 312)","(1.0, 1.0, 1.0)",312,309,5
synthRAD2025_Train_2.5D/Task2/TH/2THA108/ct.mha,"(5, 314, 309)","(1.0, 1.0, 1.0)",309,314,5
synthRAD2025_Train_2.5D/Task2/TH/2THA113/ct.mha,"(5, 309, 313)","(1.0, 1.0, 1.0)",313,309,5
synthRAD2025_Train_2.5D/Task2/TH/2THA115/ct.mha,"(5, 296, 286)","(1.0, 1.0, 1.0)",286,296,5
synthRAD2025_Train_2.5D/Task2/TH/2THA116/ct.mha,"(5, 308, 309)","(1.0, 1.0, 1.0)",309,308,5
synthRAD2025_Train_2.5D/Task2/TH/2THA117/ct.mha,"(5, 309, 311)","(1.0, 1.0, 1.0)",311,309,5
synthRAD2025_Train_2.5D/Task2/TH/2THA122/ct.mha,"(5, 308, 307)","(1.0, 1.0, 1.0)",307,308,5
synthRAD2025_Train_2.5D/Task2/TH/2THA123/ct.mha,"(5, 307, 309)","(1.0, 1.0, 1.0)",309,307,5
synthRAD2025_Train_2.5D/Task2/TH/2THA124/ct.mha,"(5, 308, 313)","(1.0, 1.0, 1.0)",313,308,5
synthRAD2025_Train_2.5D/Task2/TH/2THA126/ct.mha,"(5, 314, 309)","(1.0, 1.0, 1.0)",309,314,5
synthRAD2025_Train_2.5D/Task2/TH/2THA131/ct.mha,"(5, 312, 308)","(1.0, 1.0, 1.0)",308,312,5
synthRAD2025_Train_2.5D/Task2/TH/2THA132/ct.mha,"(5, 311, 311)","(1.0, 1.0, 1.0)",311,311,5
synthRAD2025_Train_2.5D/Task2/TH/2THA136/ct.mha,"(5, 311, 309)","(1.0, 1.0, 1.0)",309,311,5
synthRAD2025_Train_2.5D/Task2/TH/2THA138/ct.mha,"(5, 313, 312)","(1.0, 1.0, 1.0)",312,313,5
synthRAD2025_Train_2.5D/Task2/TH/2THA139/ct.mha,"(5, 317, 311)","(1.0, 1.0, 1.0)",311,317,5
synthRAD2025_Train_2.5D/Task2/TH/2THA140/ct.mha,"(5, 310, 312)","(1.0, 1.0, 1.0)",312,310,5
synthRAD2025_Train_2.5D/Task2/TH/2THA141/ct.mha,"(5, 313, 310)","(1.0, 1.0, 1.0)",310,313,5
synthRAD2025_Train_2.5D/Task2/TH/2THA144/ct.mha,"(5, 312, 309)","(1.0, 1.0, 1.0)",309,312,5
synthRAD2025_Train_2.5D/Task2/TH/2THA146/ct.mha,"(5, 307, 293)","(1.0, 1.0, 1.0)",293,307,5
synthRAD2025_Train_2.5D/Task2/TH/2THB002/ct.mha,"(5, 450, 434)","(1.0, 1.0, 1.0)",434,450,5
synthRAD2025_Train_2.5D/Task2/TH/2THB003/ct.mha,"(5, 450, 456)","(1.0, 1.0, 1.0)",456,450,5
synthRAD2025_Train_2.5D/Task2/TH/2THB004/ct.mha,"(5, 425, 446)","(1.0, 1.0, 1.0)",446,425,5
synthRAD2025_Train_2.5D/Task2/TH/2THB007/ct.mha,"(5, 452, 432)","(1.0, 1.0, 1.0)",432,452,5
synthRAD2025_Train_2.5D/Task2/TH/2THB009/ct.mha,"(5, 449, 449)","(1.0, 1.0, 1.0)",449,449,5
synthRAD2025_Train_2.5D/Task2/TH/2THB010/ct.mha,"(5, 451, 448)","(1.0, 1.0, 1.0)",448,451,5
synthRAD2025_Train_2.5D/Task2/TH/2THB011/ct.mha,"(5, 449, 425)","(1.0, 1.0, 1.0)",425,449,5
synthRAD2025_Train_2.5D/Task2/TH/2THB014/ct.mha,"(5, 452, 451)","(1.0, 1.0, 1.0)",451,452,5
synthRAD2025_Train_2.5D/Task2/TH/2THB015/ct.mha,"(5, 449, 455)","(1.0, 1.0, 1.0)",455,449,5
synthRAD2025_Train_2.5D/Task2/TH/2THB017/ct.mha,"(5, 440, 456)","(1.0, 1.0, 1.0)",456,440,5
synthRAD2025_Train_2.5D/Task2/TH/2THB019/ct.mha,"(5, 452, 442)","(1.0, 1.0, 1.0)",442,452,5
synthRAD2025_Train_2.5D/Task2/TH/2THB021/ct.mha,"(5, 449, 453)","(1.0, 1.0, 1.0)",453,449,5
synthRAD2025_Train_2.5D/Task2/TH/2THB023/ct.mha,"(5, 450, 436)","(1.0, 1.0, 1.0)",436,450,5
synthRAD2025_Train_2.5D/Task2/TH/2THB024/ct.mha,"(5, 451, 454)","(1.0, 1.0, 1.0)",454,451,5
synthRAD2025_Train_2.5D/Task2/TH/2THB025/ct.mha,"(5, 451, 450)","(1.0, 1.0, 1.0)",450,451,5
synthRAD2025_Train_2.5D/Task2/TH/2THB026/ct.mha,"(5, 452, 453)","(1.0, 1.0, 1.0)",453,452,5
synthRAD2025_Train_2.5D/Task2/TH/2THB028/ct.mha,"(5, 452, 449)","(1.0, 1.0, 1.0)",449,452,5
synthRAD2025_Train_2.5D/Task2/TH/2THB029/ct.mha,"(5, 454, 433)","(1.0, 1.0, 1.0)",433,454,5
synthRAD2025_Train_2.5D/Task2/TH/2THB030/ct.mha,"(5, 449, 455)","(1.0, 1.0, 1.0)",455,449,5
synthRAD2025_Train_2.5D/Task2/TH/2THB031/ct.mha,"(5, 448, 452)","(1.0, 1.0, 1.0)",452,448,5
synthRAD2025_Train_2.5D/Task2/TH/2THB035/ct.mha,"(5, 453, 450)","(1.0, 1.0, 1.0)",450,453,5
synthRAD2025_Train_2.5D/Task2/TH/2THB036/ct.mha,"(5, 449, 449)","(1.0, 1.0, 1.0)",449,449,5
synthRAD2025_Train_2.5D/Task2/TH/2THB038/ct.mha,"(5, 451, 450)","(1.0, 1.0, 1.0)",450,451,5
synthRAD2025_Train_2.5D/Task2/TH/2THB039/ct.mha,"(5, 437, 438)","(1.0, 1.0, 1.0)",438,437,5
synthRAD2025_Train_2.5D/Task2/TH/2THB040/ct.mha,"(5, 454, 429)","(1.0, 1.0, 1.0)",429,454,5
synthRAD2025_Train_2.5D/Task2/TH/2THB041/ct.mha,"(5, 454, 457)","(1.0, 1.0, 1.0)",457,454,5
synthRAD2025_Train_2.5D/Task2/TH/2THB043/ct.mha,"(5, 451, 433)","(1.0, 1.0, 1.0)",433,451,5
synthRAD2025_Train_2.5D/Task2/TH/2THB046/ct.mha,"(5, 455, 450)","(1.0, 1.0, 1.0)",450,455,5
synthRAD2025_Train_2.5D/Task2/TH/2THB050/ct.mha,"(5, 457, 452)","(1.0, 1.0, 1.0)",452,457,5
synthRAD2025_Train_2.5D/Task2/TH/2THB051/ct.mha,"(5, 451, 449)","(1.0, 1.0, 1.0)",449,451,5
synthRAD2025_Train_2.5D/Task2/TH/2THB052/ct.mha,"(5, 449, 455)","(1.0, 1.0, 1.0)",455,449,5
synthRAD2025_Train_2.5D/Task2/TH/2THB053/ct.mha,"(5, 450, 449)","(1.0, 1.0, 1.0)",449,450,5
synthRAD2025_Train_2.5D/Task2/TH/2THB055/ct.mha,"(5, 447, 448)","(1.0, 1.0, 1.0)",448,447,5
synthRAD2025_Train_2.5D/Task2/TH/2THB057/ct.mha,"(5, 450, 452)","(1.0, 1.0, 1.0)",452,450,5
synthRAD2025_Train_2.5D/Task2/TH/2THB058/ct.mha,"(5, 449, 451)","(1.0, 1.0, 1.0)",451,449,5
synthRAD2025_Train_2.5D/Task2/TH/2THB059/ct.mha,"(5, 450, 446)","(1.0, 1.0, 1.0)",446,450,5
synthRAD2025_Train_2.5D/Task2/TH/2THB063/ct.mha,"(5, 451, 450)","(1.0, 1.0, 1.0)",450,451,5
synthRAD2025_Train_2.5D/Task2/TH/2THB064/ct.mha,"(5, 451, 449)","(1.0, 1.0, 1.0)",449,451,5
synthRAD2025_Train_2.5D/Task2/TH/2THB068/ct.mha,"(5, 449, 454)","(1.0, 1.0, 1.0)",454,449,5
synthRAD2025_Train_2.5D/Task2/TH/2THB070/ct.mha,"(5, 450, 450)","(1.0, 1.0, 1.0)",450,450,5
synthRAD2025_Train_2.5D/Task2/TH/2THB071/ct.mha,"(5, 451, 453)","(1.0, 1.0, 1.0)",453,451,5
synthRAD2025_Train_2.5D/Task2/TH/2THB072/ct.mha,"(5, 450, 447)","(1.0, 1.0, 1.0)",447,450,5
synthRAD2025_Train_2.5D/Task2/TH/2THB074/ct.mha,"(5, 449, 449)","(1.0, 1.0, 1.0)",449,449,5
synthRAD2025_Train_2.5D/Task2/TH/2THB079/ct.mha,"(5, 450, 425)","(1.0, 1.0, 1.0)",425,450,5
synthRAD2025_Train_2.5D/Task2/TH/2THB082/ct.mha,"(5, 452, 457)","(1.0, 1.0, 1.0)",457,452,5
synthRAD2025_Train_2.5D/Task2/TH/2THB087/ct.mha,"(5, 430, 423)","(1.0, 1.0, 1.0)",423,430,5
synthRAD2025_Train_2.5D/Task2/TH/2THB088/ct.mha,"(5, 448, 429)","(1.0, 1.0, 1.0)",429,448,5
synthRAD2025_Train_2.5D/Task2/TH/2THB091/ct.mha,"(5, 449, 458)","(1.0, 1.0, 1.0)",458,449,5
synthRAD2025_Train_2.5D/Task2/TH/2THB092/ct.mha,"(5, 449, 451)","(1.0, 1.0, 1.0)",451,449,5
synthRAD2025_Train_2.5D/Task2/TH/2THB094/ct.mha,"(5, 451, 449)","(1.0, 1.0, 1.0)",449,451,5
synthRAD2025_Train_2.5D/Task2/TH/2THB095/ct.mha,"(5, 452, 442)","(1.0, 1.0, 1.0)",442,452,5
synthRAD2025_Train_2.5D/Task2/TH/2THB098/ct.mha,"(5, 454, 456)","(1.0, 1.0, 1.0)",456,454,5
synthRAD2025_Train_2.5D/Task2/TH/2THB101/ct.mha,"(5, 450, 402)","(1.0, 1.0, 1.0)",402,450,5
synthRAD2025_Train_2.5D/Task2/TH/2THB104/ct.mha,"(5, 450, 456)","(1.0, 1.0, 1.0)",456,450,5
synthRAD2025_Train_2.5D/Task2/TH/2THB106/ct.mha,"(5, 452, 449)","(1.0, 1.0, 1.0)",449,452,5
synthRAD2025_Train_2.5D/Task2/TH/2THB108/ct.mha,"(5, 453, 449)","(1.0, 1.0, 1.0)",449,453,5
synthRAD2025_Train_2.5D/Task2/TH/2THB109/ct.mha,"(5, 457, 453)","(1.0, 1.0, 1.0)",453,457,5
synthRAD2025_Train_2.5D/Task2/TH/2THB111/ct.mha,"(5, 450, 449)","(1.0, 1.0, 1.0)",449,450,5
synthRAD2025_Train_2.5D/Task2/TH/2THB115/ct.mha,"(5, 450, 442)","(1.0, 1.0, 1.0)",442,450,5
synthRAD2025_Train_2.5D/Task2/TH/2THB117/ct.mha,"(5, 450, 450)","(1.0, 1.0, 1.0)",450,450,5
synthRAD2025_Train_2.5D/Task2/TH/2THB119/ct.mha,"(5, 449, 432)","(1.0, 1.0, 1.0)",432,449,5
synthRAD2025_Train_2.5D/Task2/TH/2THB120/ct.mha,"(5, 448, 454)","(1.0, 1.0, 1.0)",454,448,5
synthRAD2025_Train_2.5D/Task2/TH/2THB125/ct.mha,"(5, 451, 457)","(1.0, 1.0, 1.0)",457,451,5
synthRAD2025_Train_2.5D/Task2/TH/2THB129/ct.mha,"(5, 451, 454)","(1.0, 1.0, 1.0)",454,451,5
synthRAD2025_Train_2.5D/Task2/TH/2THB133/ct.mha,"(5, 425, 449)","(1.0, 1.0, 1.0)",449,425,5
synthRAD2025_Train_2.5D/Task2/TH/2THC001/ct.mha,"(5, 310, 298)","(1.0, 1.0, 1.0)",298,310,5
synthRAD2025_Train_2.5D/Task2/TH/2THC002/ct.mha,"(5, 289, 309)","(1.0, 1.0, 1.0)",309,289,5
synthRAD2025_Train_2.5D/Task2/TH/2THC005/ct.mha,"(5, 293, 309)","(1.0, 1.0, 1.0)",309,293,5
synthRAD2025_Train_2.5D/Task2/TH/2THC011/ct.mha,"(5, 307, 314)","(1.0, 1.0, 1.0)",314,307,5
synthRAD2025_Train_2.5D/Task2/TH/2THC015/ct.mha,"(5, 308, 309)","(1.0, 1.0, 1.0)",309,308,5
synthRAD2025_Train_2.5D/Task2/TH/2THC016/ct.mha,"(5, 309, 308)","(1.0, 1.0, 1.0)",308,309,5
synthRAD2025_Train_2.5D/Task2/TH/2THC017/ct.mha,"(5, 449, 462)","(1.0, 1.0, 1.0)",462,449,5
synthRAD2025_Train_2.5D/Task2/TH/2THC019/ct.mha,"(5, 309, 309)","(1.0, 1.0, 1.0)",309,309,5
synthRAD2025_Train_2.5D/Task2/TH/2THC020/ct.mha,"(5, 311, 308)","(1.0, 1.0, 1.0)",308,311,5
synthRAD2025_Train_2.5D/Task2/TH/2THC022/ct.mha,"(5, 278, 315)","(1.0, 1.0, 1.0)",315,278,5
synthRAD2025_Train_2.5D/Task2/TH/2THC025/ct.mha,"(5, 308, 312)","(1.0, 1.0, 1.0)",312,308,5
synthRAD2025_Train_2.5D/Task2/TH/2THC029/ct.mha,"(5, 450, 451)","(1.0, 1.0, 1.0)",451,450,5
synthRAD2025_Train_2.5D/Task2/TH/2THC030/ct.mha,"(5, 289, 308)","(1.0, 1.0, 1.0)",308,289,5
synthRAD2025_Train_2.5D/Task2/TH/2THC032/ct.mha,"(5, 317, 314)","(1.0, 1.0, 1.0)",314,317,5
synthRAD2025_Train_2.5D/Task2/TH/2THC033/ct.mha,"(5, 311, 315)","(1.0, 1.0, 1.0)",315,311,5
synthRAD2025_Train_2.5D/Task2/TH/2THC035/ct.mha,"(5, 421, 450)","(1.0, 1.0, 1.0)",450,421,5
synthRAD2025_Train_2.5D/Task2/TH/2THC037/ct.mha,"(5, 309, 284)","(1.0, 1.0, 1.0)",284,309,5
synthRAD2025_Train_2.5D/Task2/TH/2THC039/ct.mha,"(5, 450, 447)","(1.0, 1.0, 1.0)",447,450,5
synthRAD2025_Train_2.5D/Task2/TH/2THC040/ct.mha,"(5, 311, 311)","(1.0, 1.0, 1.0)",311,311,5
synthRAD2025_Train_2.5D/Task2/TH/2THC042/ct.mha,"(5, 311, 312)","(1.0, 1.0, 1.0)",312,311,5
synthRAD2025_Train_2.5D/Task2/TH/2THC045/ct.mha,"(5, 422, 394)","(1.0, 1.0, 1.0)",394,422,5
synthRAD2025_Train_2.5D/Task2/TH/2THC048/ct.mha,"(5, 288, 312)","(1.0, 1.0, 1.0)",312,288,5
synthRAD2025_Train_2.5D/Task2/TH/2THC053/ct.mha,"(5, 312, 300)","(1.0, 1.0, 1.0)",300,312,5
synthRAD2025_Train_2.5D/Task2/TH/2THC056/ct.mha,"(5, 452, 451)","(1.0, 1.0, 1.0)",451,452,5
synthRAD2025_Train_2.5D/Task2/TH/2THC060/ct.mha,"(5, 311, 311)","(1.0, 1.0, 1.0)",311,311,5
synthRAD2025_Train_2.5D/Task2/TH/2THC061/ct.mha,"(5, 316, 318)","(1.0, 1.0, 1.0)",318,316,5
synthRAD2025_Train_2.5D/Task2/TH/2THC063/ct.mha,"(5, 451, 452)","(1.0, 1.0, 1.0)",452,451,5
synthRAD2025_Train_2.5D/Task2/TH/2THC067/ct.mha,"(5, 289, 311)","(1.0, 1.0, 1.0)",311,289,5
synthRAD2025_Train_2.5D/Task2/TH/2THC068/ct.mha,"(5, 450, 451)","(1.0, 1.0, 1.0)",451,450,5
synthRAD2025_Train_2.5D/Task2/TH/2THC070/ct.mha,"(5, 316, 309)","(1.0, 1.0, 1.0)",309,316,5
synthRAD2025_Train_2.5D/Task2/TH/2THC072/ct.mha,"(5, 448, 449)","(1.0, 1.0, 1.0)",449,448,5
synthRAD2025_Train_2.5D/Task2/TH/2THC073/ct.mha,"(5, 310, 302)","(1.0, 1.0, 1.0)",302,310,5
synthRAD2025_Train_2.5D/Task2/TH/2THC074/ct.mha,"(5, 314, 310)","(1.0, 1.0, 1.0)",310,314,5
synthRAD2025_Train_2.5D/Task2/TH/2THC076/ct.mha,"(5, 450, 448)","(1.0, 1.0, 1.0)",448,450,5
synthRAD2025_Train_2.5D/Task2/TH/2THC077/ct.mha,"(5, 309, 309)","(1.0, 1.0, 1.0)",309,309,5
synthRAD2025_Train_2.5D/Task2/TH/2THC080/ct.mha,"(5, 313, 314)","(1.0, 1.0, 1.0)",314,313,5
synthRAD2025_Train_2.5D/Task2/TH/2THC082/ct.mha,"(5, 448, 453)","(1.0, 1.0, 1.0)",453,448,5
synthRAD2025_Train_2.5D/Task2/TH/2THC084/ct.mha,"(5, 308, 314)","(1.0, 1.0, 1.0)",314,308,5
synthRAD2025_Train_2.5D/Task2/TH/2THC085/ct.mha,"(5, 320, 310)","(1.0, 1.0, 1.0)",310,320,5
synthRAD2025_Train_2.5D/Task2/TH/2THC089/ct.mha,"(5, 451, 451)","(1.0, 1.0, 1.0)",451,451,5
synthRAD2025_Train_2.5D/Task2/TH/2THC090/ct.mha,"(5, 310, 306)","(1.0, 1.0, 1.0)",306,310,5
synthRAD2025_Train_2.5D/Task2/TH/2THC091/ct.mha,"(5, 308, 309)","(1.0, 1.0, 1.0)",309,308,5
synthRAD2025_Train_2.5D/Task2/TH/2THC092/ct.mha,"(5, 290, 312)","(1.0, 1.0, 1.0)",312,290,5
synthRAD2025_Train_2.5D/Task2/TH/2THC094/ct.mha,"(5, 289, 280)","(1.0, 1.0, 1.0)",280,289,5
synthRAD2025_Train_2.5D/Task2/TH/2THC095/ct.mha,"(5, 309, 308)","(1.0, 1.0, 1.0)",308,309,5
synthRAD2025_Train_2.5D/Task2/TH/2THC097/ct.mha,"(5, 427, 452)","(1.0, 1.0, 1.0)",452,427,5
synthRAD2025_Train_2.5D/Task2/TH/2THC099/ct.mha,"(5, 435, 433)","(1.0, 1.0, 1.0)",433,435,5
synthRAD2025_Train_2.5D/Task2/TH/2THC101/ct.mha,"(5, 294, 310)","(1.0, 1.0, 1.0)",310,294,5
synthRAD2025_Train_2.5D/Task2/TH/2THC102/ct.mha,"(5, 310, 304)","(1.0, 1.0, 1.0)",304,310,5
synthRAD2025_Train_2.5D/Task2/TH/2THC104/ct.mha,"(5, 453, 451)","(1.0, 1.0, 1.0)",451,453,5
synthRAD2025_Train_2.5D/Task2/TH/2THC105/ct.mha,"(5, 297, 315)","(1.0, 1.0, 1.0)",315,297,5
synthRAD2025_Train_2.5D/Task2/TH/2THC107/ct.mha,"(5, 313, 314)","(1.0, 1.0, 1.0)",314,313,5
synthRAD2025_Train_2.5D/Task2/TH/2THC108/ct.mha,"(5, 311, 308)","(1.0, 1.0, 1.0)",308,311,5
synthRAD2025_Train_2.5D/Task2/TH/2THC109/ct.mha,"(5, 307, 309)","(1.0, 1.0, 1.0)",309,307,5
synthRAD2025_Train_2.5D/Task2/TH/2THC110/ct.mha,"(5, 308, 311)","(1.0, 1.0, 1.0)",311,308,5
synthRAD2025_Train_2.5D/Task2/TH/2THC111/ct.mha,"(5, 321, 315)","(1.0, 1.0, 1.0)",315,321,5
synthRAD2025_Train_2.5D/Task2/TH/2THC112/ct.mha,"(5, 309, 310)","(1.0, 1.0, 1.0)",310,309,5
synthRAD2025_Train_2.5D/Task2/TH/2THC114/ct.mha,"(5, 309, 299)","(1.0, 1.0, 1.0)",299,309,5
synthRAD2025_Train_2.5D/Task2/TH/2THC116/ct.mha,"(5, 309, 314)","(1.0, 1.0, 1.0)",314,309,5
synthRAD2025_Train_2.5D/Task2/TH/2THC117/ct.mha,"(5, 309, 308)","(1.0, 1.0, 1.0)",308,309,5
synthRAD2025_Train_2.5D/Task2/TH/2THC119/ct.mha,"(5, 297, 313)","(1.0, 1.0, 1.0)",313,297,5
synthRAD2025_Train_2.5D/Task2/TH/2THC123/ct.mha,"(5, 310, 298)","(1.0, 1.0, 1.0)",298,310,5
synthRAD2025_Train_2.5D/Task2/TH/2THC126/ct.mha,"(5, 310, 310)","(1.0, 1.0, 1.0)",310,310,5
synthRAD2025_Train_2.5D/Task2/TH/2THD003/ct.mha,"(5, 308, 308)","(1.0, 1.0, 1.0)",308,308,5
synthRAD2025_Train_2.5D/Task2/TH/2THD005/ct.mha,"(5, 384, 392)","(1.0, 1.0, 1.0)",392,384,5
synthRAD2025_Train_2.5D/Task2/TH/2THD006/ct.mha,"(5, 392, 393)","(1.0, 1.0, 1.0)",393,392,5
synthRAD2025_Train_2.5D/Task2/TH/2THD025/ct.mha,"(5, 392, 393)","(1.0, 1.0, 1.0)",393,392,5
synthRAD2025_Train_2.5D/Task2/TH/2THD037/ct.mha,"(5, 472, 499)","(1.0, 1.0, 1.0)",499,472,5
synthRAD2025_Train_2.5D/Task2/TH/2THD038/ct.mha,"(5, 463, 499)","(1.0, 1.0, 1.0)",499,463,5
synthRAD2025_Train_2.5D/Task2/TH/2THD040/ct.mha,"(5, 468, 494)","(1.0, 1.0, 1.0)",494,468,5
synthRAD2025_Train_2.5D/Task2/TH/2THD042/ct.mha,"(5, 471, 499)","(1.0, 1.0, 1.0)",499,471,5
synthRAD2025_Train_2.5D/Task2/TH/2THD043/ct.mha,"(5, 479, 499)","(1.0, 1.0, 1.0)",499,479,5
synthRAD2025_Train_2.5D/Task2/TH/2THD044/ct.mha,"(5, 394, 406)","(1.0, 1.0, 1.0)",406,394,5
synthRAD2025_Train_2.5D/Task2/TH/2THD047/ct.mha,"(5, 469, 499)","(1.0, 1.0, 1.0)",499,469,5
synthRAD2025_Train_2.5D/Task2/TH/2THD048/ct.mha,"(5, 467, 499)","(1.0, 1.0, 1.0)",499,467,5
synthRAD2025_Train_2.5D/Task2/TH/2THD049/ct.mha,"(5, 466, 498)","(1.0, 1.0, 1.0)",498,466,5
synthRAD2025_Train_2.5D/Task2/TH/2THD050/ct.mha,"(5, 310, 311)","(1.0, 1.0, 1.0)",311,310,5
synthRAD2025_Train_2.5D/Task2/TH/2THD053/ct.mha,"(5, 477, 499)","(1.0, 1.0, 1.0)",499,477,5
synthRAD2025_Train_2.5D/Task2/TH/2THD054/ct.mha,"(5, 467, 499)","(1.0, 1.0, 1.0)",499,467,5
synthRAD2025_Train_2.5D/Task2/TH/2THD055/ct.mha,"(5, 499, 496)","(1.0, 1.0, 1.0)",496,499,5
synthRAD2025_Train_2.5D/Task2/TH/2THD056/ct.mha,"(5, 469, 499)","(1.0, 1.0, 1.0)",499,469,5
synthRAD2025_Train_2.5D/Task2/TH/2THD060/ct.mha,"(5, 308, 307)","(1.0, 1.0, 1.0)",307,308,5
synthRAD2025_Train_2.5D/Task2/TH/2THD061/ct.mha,"(5, 472, 499)","(1.0, 1.0, 1.0)",499,472,5
synthRAD2025_Train_2.5D/Task2/TH/2THD062/ct.mha,"(5, 310, 309)","(1.0, 1.0, 1.0)",309,310,5
synthRAD2025_Train_2.5D/Task2/TH/2THD063/ct.mha,"(5, 465, 499)","(1.0, 1.0, 1.0)",499,465,5
synthRAD2025_Train_2.5D/Task2/TH/2THD064/ct.mha,"(5, 308, 315)","(1.0, 1.0, 1.0)",315,308,5
synthRAD2025_Train_2.5D/Task2/TH/2THD067/ct.mha,"(5, 467, 499)","(1.0, 1.0, 1.0)",499,467,5
synthRAD2025_Train_2.5D/Task2/TH/2THD068/ct.mha,"(5, 312, 307)","(1.0, 1.0, 1.0)",307,312,5
synthRAD2025_Train_2.5D/Task2/TH/2THD069/ct.mha,"(5, 468, 499)","(1.0, 1.0, 1.0)",499,468,5
synthRAD2025_Train_2.5D/Task2/TH/2THD070/ct.mha,"(5, 464, 499)","(1.0, 1.0, 1.0)",499,464,5
synthRAD2025_Train_2.5D/Task2/TH/2THD074/ct.mha,"(5, 469, 499)","(1.0, 1.0, 1.0)",499,469,5
synthRAD2025_Train_2.5D/Task2/TH/2THD075/ct.mha,"(5, 499, 499)","(1.0, 1.0, 1.0)",499,499,5
synthRAD2025_Train_2.5D/Task2/TH/2THD076/ct.mha,"(5, 469, 499)","(1.0, 1.0, 1.0)",499,469,5
synthRAD2025_Train_2.5D/Task2/TH/2THD078/ct.mha,"(5, 499, 499)","(1.0, 1.0, 1.0)",499,499,5
synthRAD2025_Train_2.5D/Task2/TH/2THD079/ct.mha,"(5, 467, 499)","(1.0, 1.0, 1.0)",499,467,5
synthRAD2025_Train_2.5D/Task2/TH/2THD082/ct.mha,"(5, 465, 499)","(1.0, 1.0, 1.0)",499,465,5
synthRAD2025_Train_2.5D/Task2/TH/2THD083/ct.mha,"(5, 467, 499)","(1.0, 1.0, 1.0)",499,467,5
synthRAD2025_Train_2.5D/Task2/TH/2THD084/ct.mha,"(5, 466, 499)","(1.0, 1.0, 1.0)",499,466,5
synthRAD2025_Train_2.5D/Task2/TH/2THD085/ct.mha,"(5, 465, 495)","(1.0, 1.0, 1.0)",495,465,5
synthRAD2025_Train_2.5D/Task2/TH/2THD086/ct.mha,"(5, 499, 499)","(1.0, 1.0, 1.0)",499,499,5
synthRAD2025_Train_2.5D/Task2/TH/2THD087/ct.mha,"(5, 466, 494)","(1.0, 1.0, 1.0)",494,466,5
synthRAD2025_Train_2.5D/Task2/TH/2THD088/ct.mha,"(5, 473, 499)","(1.0, 1.0, 1.0)",499,473,5
synthRAD2025_Train_2.5D/Task2/TH/2THD089/ct.mha,"(5, 468, 499)","(1.0, 1.0, 1.0)",499,468,5
synthRAD2025_Train_2.5D/Task2/TH/2THD091/ct.mha,"(5, 471, 499)","(1.0, 1.0, 1.0)",499,471,5
synthRAD2025_Train_2.5D/Task2/TH/2THD093/ct.mha,"(5, 467, 499)","(1.0, 1.0, 1.0)",499,467,5
synthRAD2025_Train_2.5D/Task2/TH/2THD094/ct.mha,"(5, 473, 499)","(1.0, 1.0, 1.0)",499,473,5
synthRAD2025_Train_2.5D/Task2/TH/2THD095/ct.mha,"(5, 499, 498)","(1.0, 1.0, 1.0)",498,499,5
synthRAD2025_Train_2.5D/Task2/TH/2THD096/ct.mha,"(5, 446, 499)","(1.0, 1.0, 1.0)",499,446,5
synthRAD2025_Train_2.5D/Task2/TH/2THD097/ct.mha,"(5, 468, 499)","(1.0, 1.0, 1.0)",499,468,5
synthRAD2025_Train_2.5D/Task2/TH/2THD098/ct.mha,"(5, 316, 308)","(1.0, 1.0, 1.0)",308,316,5
synthRAD2025_Train_2.5D/Task2/TH/2THD100/ct.mha,"(5, 474, 499)","(1.0, 1.0, 1.0)",499,474,5
synthRAD2025_Train_2.5D/Task2/TH/2THD101/ct.mha,"(5, 499, 487)","(1.0, 1.0, 1.0)",487,499,5
synthRAD2025_Train_2.5D/Task2/TH/2THD102/ct.mha,"(5, 470, 496)","(1.0, 1.0, 1.0)",496,470,5
synthRAD2025_Train_2.5D/Task2/TH/2THD103/ct.mha,"(5, 474, 499)","(1.0, 1.0, 1.0)",499,474,5
synthRAD2025_Train_2.5D/Task2/TH/2THD104/ct.mha,"(5, 467, 499)","(1.0, 1.0, 1.0)",499,467,5
synthRAD2025_Train_2.5D/Task2/TH/2THD105/ct.mha,"(5, 472, 499)","(1.0, 1.0, 1.0)",499,472,5
synthRAD2025_Train_2.5D/Task2/TH/2THD106/ct.mha,"(5, 471, 499)","(1.0, 1.0, 1.0)",499,471,5
synthRAD2025_Train_2.5D/Task2/TH/2THD107/ct.mha,"(5, 540, 539)","(1.0, 1.0, 1.0)",539,540,5
synthRAD2025_Train_2.5D/Task2/TH/2THD108/ct.mha,"(5, 467, 499)","(1.0, 1.0, 1.0)",499,467,5
synthRAD2025_Train_2.5D/Task2/TH/2THD109/ct.mha,"(5, 468, 492)","(1.0, 1.0, 1.0)",492,468,5
synthRAD2025_Train_2.5D/Task2/TH/2THD110/ct.mha,"(5, 470, 492)","(1.0, 1.0, 1.0)",492,470,5
synthRAD2025_Train_2.5D/Task2/TH/2THD111/ct.mha,"(5, 468, 499)","(1.0, 1.0, 1.0)",499,468,5
synthRAD2025_Train_2.5D/Task2/TH/2THD112/ct.mha,"(5, 466, 499)","(1.0, 1.0, 1.0)",499,466,5
synthRAD2025_Train_2.5D/Task2/TH/2THD113/ct.mha,"(5, 470, 499)","(1.0, 1.0, 1.0)",499,470,5
synthRAD2025_Train_2.5D/Task2/TH/2THD114/ct.mha,"(5, 472, 499)","(1.0, 1.0, 1.0)",499,472,5
synthRAD2025_Train_2.5D/Task2/TH/2THD115/ct.mha,"(5, 469, 499)","(1.0, 1.0, 1.0)",499,469,5
synthRAD2025_Train_2.5D/Task2/TH/2THE001/ct.mha,"(5, 497, 499)","(1.0, 1.0, 1.0)",499,497,5
synthRAD2025_Train_2.5D/Task2/TH/2THE003/ct.mha,"(5, 477, 497)","(1.0, 1.0, 1.0)",497,477,5
synthRAD2025_Train_2.5D/Task2/TH/2THE004/ct.mha,"(5, 478, 502)","(1.0, 1.0, 1.0)",502,478,5
synthRAD2025_Train_2.5D/Task2/TH/2THE006/ct.mha,"(5, 499, 500)","(1.0, 1.0, 1.0)",500,499,5
synthRAD2025_Train_2.5D/Task2/TH/2THE010/ct.mha,"(5, 497, 486)","(1.0, 1.0, 1.0)",486,497,5
synthRAD2025_Train_2.5D/Task2/TH/2THE013/ct.mha,"(5, 496, 498)","(1.0, 1.0, 1.0)",498,496,5
synthRAD2025_Train_2.5D/Task2/TH/2THE014/ct.mha,"(5, 449, 498)","(1.0, 1.0, 1.0)",498,449,5
synthRAD2025_Train_2.5D/Task2/TH/2THE015/ct.mha,"(5, 478, 503)","(1.0, 1.0, 1.0)",503,478,5
synthRAD2025_Train_2.5D/Task2/TH/2THE019/ct.mha,"(5, 496, 497)","(1.0, 1.0, 1.0)",497,496,5
synthRAD2025_Train_2.5D/Task2/TH/2THE020/ct.mha,"(5, 499, 499)","(1.0, 1.0, 1.0)",499,499,5
synthRAD2025_Train_2.5D/Task2/TH/2THE021/ct.mha,"(5, 480, 501)","(1.0, 1.0, 1.0)",501,480,5
synthRAD2025_Train_2.5D/Task2/TH/2THE022/ct.mha,"(5, 497, 498)","(1.0, 1.0, 1.0)",498,497,5
synthRAD2025_Train_2.5D/Task2/TH/2THE023/ct.mha,"(5, 477, 500)","(1.0, 1.0, 1.0)",500,477,5
synthRAD2025_Train_2.5D/Task2/TH/2THE025/ct.mha,"(5, 482, 479)","(1.0, 1.0, 1.0)",479,482,5
synthRAD2025_Train_2.5D/Task2/TH/2THE026/ct.mha,"(5, 497, 503)","(1.0, 1.0, 1.0)",503,497,5
synthRAD2025_Train_2.5D/Task2/TH/2THE028/ct.mha,"(5, 500, 495)","(1.0, 1.0, 1.0)",495,500,5
synthRAD2025_Train_2.5D/Task2/TH/2THE030/ct.mha,"(5, 500, 499)","(1.0, 1.0, 1.0)",499,500,5
synthRAD2025_Train_2.5D/Task2/TH/2THE031/ct.mha,"(5, 477, 502)","(1.0, 1.0, 1.0)",502,477,5
synthRAD2025_Train_2.5D/Task2/TH/2THE035/ct.mha,"(5, 499, 499)","(1.0, 1.0, 1.0)",499,499,5
synthRAD2025_Train_2.5D/Task2/TH/2THE038/ct.mha,"(5, 490, 497)","(1.0, 1.0, 1.0)",497,490,5
synthRAD2025_Train_2.5D/Task2/TH/2THE039/ct.mha,"(5, 496, 499)","(1.0, 1.0, 1.0)",499,496,5
synthRAD2025_Train_2.5D/Task2/TH/2THE040/ct.mha,"(5, 477, 497)","(1.0, 1.0, 1.0)",497,477,5
synthRAD2025_Train_2.5D/Task2/TH/2THE042/ct.mha,"(5, 492, 498)","(1.0, 1.0, 1.0)",498,492,5
synthRAD2025_Train_2.5D/Task2/TH/2THE045/ct.mha,"(5, 499, 498)","(1.0, 1.0, 1.0)",498,499,5
synthRAD2025_Train_2.5D/Task2/TH/2THE046/ct.mha,"(5, 440, 494)","(1.0, 1.0, 1.0)",494,440,5
synthRAD2025_Train_2.5D/Task2/TH/2THE047/ct.mha,"(5, 503, 501)","(1.0, 1.0, 1.0)",501,503,5
synthRAD2025_Train_2.5D/Task2/TH/2THE048/ct.mha,"(5, 505, 502)","(1.0, 1.0, 1.0)",502,505,5
synthRAD2025_Train_2.5D/Task2/TH/2THE049/ct.mha,"(5, 497, 478)","(1.0, 1.0, 1.0)",478,497,5
synthRAD2025_Train_2.5D/Task2/TH/2THE056/ct.mha,"(5, 499, 482)","(1.0, 1.0, 1.0)",482,499,5
synthRAD2025_Train_2.5D/Task2/TH/2THE058/ct.mha,"(5, 440, 482)","(1.0, 1.0, 1.0)",482,440,5
synthRAD2025_Train_2.5D/Task2/TH/2THE060/ct.mha,"(5, 498, 496)","(1.0, 1.0, 1.0)",496,498,5
synthRAD2025_Train_2.5D/Task2/TH/2THE066/ct.mha,"(5, 464, 499)","(1.0, 1.0, 1.0)",499,464,5
synthRAD2025_Train_2.5D/Task2/TH/2THE068/ct.mha,"(5, 481, 501)","(1.0, 1.0, 1.0)",501,481,5
synthRAD2025_Train_2.5D/Task2/TH/2THE069/ct.mha,"(5, 490, 478)","(1.0, 1.0, 1.0)",478,490,5
synthRAD2025_Train_2.5D/Task2/TH/2THE071/ct.mha,"(5, 498, 497)","(1.0, 1.0, 1.0)",497,498,5
synthRAD2025_Train_2.5D/Task2/TH/2THE072/ct.mha,"(5, 497, 496)","(1.0, 1.0, 1.0)",496,497,5
synthRAD2025_Train_2.5D/Task2/TH/2THE077/ct.mha,"(5, 499, 497)","(1.0, 1.0, 1.0)",497,499,5
synthRAD2025_Train_2.5D/Task2/TH/2THE080/ct.mha,"(5, 478, 498)","(1.0, 1.0, 1.0)",498,478,5
synthRAD2025_Train_2.5D/Task2/TH/2THE081/ct.mha,"(5, 501, 504)","(1.0, 1.0, 1.0)",504,501,5
synthRAD2025_Train_2.5D/Task2/TH/2THE083/ct.mha,"(5, 494, 507)","(1.0, 1.0, 1.0)",507,494,5
synthRAD2025_Train_2.5D/Task2/TH/2THE086/ct.mha,"(5, 498, 496)","(1.0, 1.0, 1.0)",496,498,5
synthRAD2025_Train_2.5D/Task2/TH/2THE089/ct.mha,"(5, 297, 296)","(1.0, 1.0, 1.0)",296,297,5
synthRAD2025_Train_2.5D/Task2/TH/2THE091/ct.mha,"(5, 500, 498)","(1.0, 1.0, 1.0)",498,500,5
synthRAD2025_Train_2.5D/Task2/TH/2THE092/ct.mha,"(5, 500, 501)","(1.0, 1.0, 1.0)",501,500,5
synthRAD2025_Train_2.5D/Task2/TH/2THE097/ct.mha,"(5, 498, 500)","(1.0, 1.0, 1.0)",500,498,5
synthRAD2025_Train_2.5D/Task2/TH/2THE098/ct.mha,"(5, 500, 499)","(1.0, 1.0, 1.0)",499,500,5
synthRAD2025_Train_2.5D/Task2/TH/2THE099/ct.mha,"(5, 497, 498)","(1.0, 1.0, 1.0)",498,497,5
synthRAD2025_Train_2.5D/Task2/TH/2THE100/ct.mha,"(5, 499, 498)","(1.0, 1.0, 1.0)",498,499,5
synthRAD2025_Train_2.5D/Task2/TH/2THE101/ct.mha,"(5, 477, 500)","(1.0, 1.0, 1.0)",500,477,5
synthRAD2025_Train_2.5D/Task2/TH/2THE102/ct.mha,"(5, 481, 500)","(1.0, 1.0, 1.0)",500,481,5
synthRAD2025_Train_2.5D/Task2/TH/2THE104/ct.mha,"(5, 488, 497)","(1.0, 1.0, 1.0)",497,488,5
synthRAD2025_Train_2.5D/Task2/TH/2THE105/ct.mha,"(5, 505, 500)","(1.0, 1.0, 1.0)",500,505,5
synthRAD2025_Train_2.5D/Task2/TH/2THE106/ct.mha,"(5, 512, 503)","(1.0, 1.0, 1.0)",503,512,5
synthRAD2025_Train_2.5D/Task2/TH/2THE107/ct.mha,"(5, 498, 499)","(1.0, 1.0, 1.0)",499,498,5
synthRAD2025_Train_2.5D/Task2/TH/2THE108/ct.mha,"(5, 500, 503)","(1.0, 1.0, 1.0)",503,500,5
synthRAD2025_Train_2.5D/Task2/TH/2THE109/ct.mha,"(5, 501, 502)","(1.0, 1.0, 1.0)",502,501,5
synthRAD2025_Train_2.5D/Task2/TH/2THE110/ct.mha,"(5, 503, 499)","(1.0, 1.0, 1.0)",499,503,5
synthRAD2025_Train_2.5D/Task2/TH/2THE111/ct.mha,"(5, 299, 297)","(1.0, 1.0, 1.0)",297,299,5
synthRAD2025_Train_2.5D/Task2/TH/2THE112/ct.mha,"(5, 500, 500)","(1.0, 1.0, 1.0)",500,500,5
synthRAD2025_Train_2.5D/Task2/TH/2THE113/ct.mha,"(5, 499, 499)","(1.0, 1.0, 1.0)",499,499,5
synthRAD2025_Train_2.5D/Task2/TH/2THE114/ct.mha,"(5, 493, 501)","(1.0, 1.0, 1.0)",501,493,5
synthRAD2025_Train_2.5D/Task2/TH/2THE115/ct.mha,"(5, 500, 501)","(1.0, 1.0, 1.0)",501,500,5
synthRAD2025_Train_2.5D/Task2/TH/2THE116/ct.mha,"(5, 499, 498)","(1.0, 1.0, 1.0)",498,499,5
synthRAD2025_Train_2.5D/Task2/TH/2THE117/ct.mha,"(5, 498, 497)","(1.0, 1.0, 1.0)",497,498,5
synthRAD2025_Train_2.5D/Task2/TH/2THE119/ct.mha,"(5, 498, 498)","(1.0, 1.0, 1.0)",498,498,5
